period, sine_out,avg_0,avg_00000001,avg_00000002,avg_00000004,avg_00000008,avg_00000010,avg_00000020,avg_00000040,avg_00000080,avg_00000100,
00000000000000000000000000000002,0000,0000,0000,0000,0000,0000,0000,0000,0000,0000,0000,
00000000000000000000000000000002,00c9,00c9,0000,0000,0000,0000,0000,0000,0000,0000,0000,
00000000000000000000000000000002,00c9,00c9,0064,0000,0000,0000,0000,0000,0000,0000,0000,
00000000000000000000000000000002,0192,0192,00c9,0032,0000,0000,0000,0000,0000,0000,0000,
00000000000000000000000000000002,0192,0192,012d,0096,0000,0000,0000,0000,0000,0000,0000,
00000000000000000000000000000002,025b,025b,0192,00fb,000c,0000,0000,0000,0000,0000,0000,
00000000000000000000000000000002,025b,025b,01f6,015f,003e,0000,0000,0000,0000,0000,0000,
00000000000000000000000000000002,0324,0324,025b,01c4,0096,0000,0000,0000,0000,0000,0000,
00000000000000000000000000000002,0324,0324,02bf,0228,00fa,0000,0000,0000,0000,0000,0000,
00000000000000000000000000000002,03ed,03ed,0324,028d,015f,0000,0000,0000,0000,0000,0000,
00000000000000000000000000000002,03ed,03ed,0388,02f1,01c3,0006,0000,0000,0000,0000,0000,
00000000000000000000000000000002,04b6,04b6,03ed,0356,0228,001d,0000,0000,0000,0000,0000,
00000000000000000000000000000002,04b6,04b6,0451,03ba,028c,004f,0000,0000,0000,0000,0000,
00000000000000000000000000000002,057f,057f,04b6,041f,02f1,009c,0000,0000,0000,0000,0000,
00000000000000000000000000000002,057f,057f,051a,0483,0355,00fa,0000,0000,0000,0000,0000,
00000000000000000000000000000002,0648,0648,057f,04e8,03ba,015e,0000,0000,0000,0000,0000,
00000000000000000000000000000002,0648,0648,05e3,054c,041e,01c2,0000,0000,0000,0000,0000,
00000000000000000000000000000002,0711,0711,0648,05b1,0483,0227,0000,0000,0000,0000,0000,
00000000000000000000000000000002,0711,0711,06ac,0615,04e7,028b,0000,0000,0000,0000,0000,
00000000000000000000000000000002,07d9,07d9,0711,067a,054c,02f0,0000,0000,0000,0000,0000,
00000000000000000000000000000002,07d9,07d9,0775,06de,05b0,0354,0001,0000,0000,0000,0000,
00000000000000000000000000000002,08a2,08a2,07d9,0743,0615,03b9,0006,0000,0000,0000,0000,
00000000000000000000000000000002,08a2,08a2,083d,07a7,0679,041d,0014,0000,0000,0000,0000,
00000000000000000000000000000002,096a,096a,08a2,080b,06de,0482,0033,0000,0000,0000,0000,
00000000000000000000000000000002,096a,096a,0906,086f,0742,04e6,0065,0000,0000,0000,0000,
00000000000000000000000000000002,0a33,0a33,096a,08d4,07a7,054b,00aa,0000,0000,0000,0000,
00000000000000000000000000000002,0a33,0a33,09ce,0938,080b,05af,0100,0000,0000,0000,0000,
00000000000000000000000000000002,0afb,0afb,0a33,099c,086f,0614,015f,0000,0000,0000,0000,
00000000000000000000000000000002,0afb,0afb,0a97,0a00,08d3,0678,01c2,0000,0000,0000,0000,
00000000000000000000000000000002,0bc4,0bc4,0afb,0a65,0938,06dd,0226,0000,0000,0000,0000,
00000000000000000000000000000002,0bc4,0bc4,0b5f,0ac9,099c,0741,028a,0000,0000,0000,0000,
00000000000000000000000000000002,0c8c,0c8c,0bc4,0b2d,0a00,07a6,02ee,0000,0000,0000,0000,
00000000000000000000000000000002,0c8c,0c8c,0c28,0b91,0a64,080a,0352,0000,0000,0000,0000,
00000000000000000000000000000002,0d54,0d54,0c8c,0bf6,0ac9,086f,03b7,0000,0000,0000,0000,
00000000000000000000000000000002,0d54,0d54,0cf0,0c5a,0b2d,08d3,041b,0000,0000,0000,0000,
00000000000000000000000000000002,0e1c,0e1c,0d54,0cbe,0b91,0937,0480,0000,0000,0000,0000,
00000000000000000000000000000002,0e1c,0e1c,0db8,0d22,0bf5,099b,04e4,0000,0000,0000,0000,
00000000000000000000000000000002,0ee3,0ee3,0e1c,0d86,0c5a,0a00,0549,0000,0000,0000,0000,
00000000000000000000000000000002,0ee3,0ee3,0e7f,0dea,0cbe,0a64,05ad,0000,0000,0000,0000,
00000000000000000000000000000002,0fab,0fab,0ee3,0e4d,0d22,0ac8,0612,0000,0000,0000,0000,
00000000000000000000000000000002,0fab,0fab,0f47,0eb1,0d86,0b2c,0676,0000,0000,0000,0000,
00000000000000000000000000000002,1072,1072,0fab,0f15,0de9,0b91,06db,0000,0000,0000,0000,
00000000000000000000000000000002,1072,1072,100e,0f79,0e4d,0bf5,073f,0000,0000,0000,0000,
00000000000000000000000000000002,113a,113a,1072,0fdc,0eb1,0c59,07a4,0002,0000,0000,0000,
00000000000000000000000000000002,113a,113a,10d6,1040,0f15,0cbd,0808,0008,0000,0000,0000,
00000000000000000000000000000002,1201,1201,113a,10a4,0f78,0d21,086d,0016,0000,0000,0000,
00000000000000000000000000000002,1201,1201,119d,1108,0fdc,0d85,08d1,002d,0000,0000,0000,
00000000000000000000000000000002,12c8,12c8,1201,116b,1040,0de9,0936,0050,0000,0000,0000,
00000000000000000000000000000002,12c8,12c8,1264,11cf,10a4,0e4d,099a,0082,0000,0000,0000,
00000000000000000000000000000002,138f,138f,12c8,1232,1107,0eb0,09ff,00c3,0000,0000,0000,
00000000000000000000000000000002,138f,138f,132b,1296,116b,0f14,0a63,0110,0000,0000,0000,
00000000000000000000000000000002,1455,1455,138f,12f9,11ce,0f78,0ac7,0166,0000,0000,0000,
00000000000000000000000000000002,1455,1455,13f2,135d,1232,0fdc,0b2b,01c4,0000,0000,0000,
00000000000000000000000000000002,151c,151c,1455,13c0,1295,103f,0b90,0226,0000,0000,0000,
00000000000000000000000000000002,151c,151c,14b8,1423,12f9,10a3,0bf4,028a,0000,0000,0000,
00000000000000000000000000000002,15e2,15e2,151c,1486,135c,1106,0c58,02ee,0000,0000,0000,
00000000000000000000000000000002,15e2,15e2,157f,14ea,13bf,116a,0cbc,0352,0000,0000,0000,
00000000000000000000000000000002,16a8,16a8,15e2,154d,1422,11cd,0d20,03b6,0000,0000,0000,
00000000000000000000000000000002,16a8,16a8,1645,15b0,1486,1231,0d84,041a,0000,0000,0000,
00000000000000000000000000000002,176e,176e,16a8,1613,14e9,1294,0de8,047e,0000,0000,0000,
00000000000000000000000000000002,176e,176e,170b,1676,154c,12f7,0e4c,04e2,0000,0000,0000,
00000000000000000000000000000002,1833,1833,176e,16d9,15af,135a,0eaf,0546,0000,0000,0000,
00000000000000000000000000000002,1833,1833,17d0,173c,1612,13be,0f13,05aa,0000,0000,0000,
00000000000000000000000000000002,18f9,18f9,1833,179f,1675,1421,0f76,060e,0000,0000,0000,
00000000000000000000000000000002,18f9,18f9,1896,1801,16d8,1484,0fda,0672,0000,0000,0000,
00000000000000000000000000000002,19be,19be,18f9,1864,173b,14e7,103d,06d7,0000,0000,0000,
00000000000000000000000000000002,19be,19be,195b,18c7,179e,154a,10a1,073b,0000,0000,0000,
00000000000000000000000000000002,1a82,1a82,19be,192a,1801,15ad,1104,07a0,0000,0000,0000,
00000000000000000000000000000002,1a82,1a82,1a20,198c,1863,1610,1167,0804,0000,0000,0000,
00000000000000000000000000000002,1b47,1b47,1a82,19ef,18c6,1673,11ca,0869,0000,0000,0000,
00000000000000000000000000000002,1b47,1b47,1ae4,1a51,1929,16d6,122e,08cd,0000,0000,0000,
00000000000000000000000000000002,1c0b,1c0b,1b47,1ab3,198c,1739,1291,0932,0000,0000,0000,
00000000000000000000000000000002,1c0b,1c0b,1ba9,1b15,19ee,179c,12f4,0996,0000,0000,0000,
00000000000000000000000000000002,1ccf,1ccf,1c0b,1b78,1a51,17ff,1357,09fb,0000,0000,0000,
00000000000000000000000000000002,1ccf,1ccf,1c6d,1bda,1ab3,1862,13ba,0a5f,0000,0000,0000,
00000000000000000000000000000002,1d93,1d93,1ccf,1c3c,1b15,18c5,141d,0ac4,0000,0000,0000,
00000000000000000000000000000002,1d93,1d93,1d31,1c9e,1b77,1927,1480,0b28,0000,0000,0000,
00000000000000000000000000000002,1e57,1e57,1d93,1d00,1bda,198a,14e3,0b8d,0000,0000,0000,
00000000000000000000000000000002,1e57,1e57,1df5,1d62,1c3c,19ed,1546,0bf1,0000,0000,0000,
00000000000000000000000000000002,1f1a,1f1a,1e57,1dc4,1c9e,1a50,15a9,0c56,0000,0000,0000,
00000000000000000000000000000002,1f1a,1f1a,1eb8,1e26,1d00,1ab2,160c,0cba,0000,0000,0000,
00000000000000000000000000000002,1fdd,1fdd,1f1a,1e87,1d62,1b15,166f,0d1d,0000,0000,0000,
00000000000000000000000000000002,1fdd,1fdd,1f7b,1ee9,1dc4,1b77,16d2,0d81,0000,0000,0000,
00000000000000000000000000000002,209f,209f,1fdd,1f4a,1e25,1bd9,1735,0de4,0000,0000,0000,
00000000000000000000000000000002,209f,209f,203e,1fac,1e87,1c3b,1798,0e47,0000,0000,0000,
00000000000000000000000000000002,2161,2161,209f,200d,1ee8,1c9e,17fb,0eaa,0000,0000,0000,
00000000000000000000000000000002,2161,2161,2100,206e,1f4a,1d00,185e,0f0e,0000,0000,0000,
00000000000000000000000000000002,2223,2223,2161,20cf,1fab,1d61,18c1,0f71,0000,0000,0000,
00000000000000000000000000000002,2223,2223,21c2,2130,200c,1dc3,1924,0fd4,0000,0000,0000,
00000000000000000000000000000002,22e5,22e5,2223,2191,206d,1e24,1987,1037,0001,0000,0000,
00000000000000000000000000000002,22e5,22e5,2284,21f2,20ce,1e86,19ea,109a,0006,0000,0000,
00000000000000000000000000000002,23a6,23a6,22e5,2253,212f,1ee7,1a4d,10fd,000f,0000,0000,
00000000000000000000000000000002,23a6,23a6,2345,22b4,2190,1f48,1aaf,1160,001c,0000,0000,
00000000000000000000000000000002,2467,2467,23a6,2315,21f1,1fa9,1b12,11c3,0032,0000,0000,
00000000000000000000000000000002,2467,2467,2406,2375,2252,200a,1b75,1226,0050,0000,0000,
00000000000000000000000000000002,2528,2528,2467,23d6,22b3,206b,1bd8,1289,0077,0000,0000,
00000000000000000000000000000002,2528,2528,24c7,2436,2314,20cc,1c3a,12ec,00a9,0000,0000,
00000000000000000000000000000002,25e8,25e8,2528,2497,2375,212d,1c9c,134f,00e6,0000,0000,
00000000000000000000000000000002,25e8,25e8,2588,24f7,23d5,218e,1cfe,13b2,012c,0000,0000,
00000000000000000000000000000002,26a8,26a8,25e8,2558,2436,21ef,1d5f,1415,017a,0000,0000,
00000000000000000000000000000002,26a8,26a8,2648,25b8,2496,2250,1dc0,1478,01d1,0000,0000,
00000000000000000000000000000002,2767,2767,26a8,2618,24f7,22b1,1e21,14db,022c,0000,0000,
00000000000000000000000000000002,2767,2767,2707,2678,2557,2312,1e82,153e,028b,0000,0000,
00000000000000000000000000000002,2826,2826,2767,26d7,25b8,2373,1ee3,15a1,02ee,0000,0000,
00000000000000000000000000000002,2826,2826,27c6,2737,2618,23d4,1f44,1604,0352,0000,0000,
00000000000000000000000000000002,28e5,28e5,2826,2796,2677,2435,1fa5,1667,03b6,0000,0000,
00000000000000000000000000000002,28e5,28e5,2885,27f6,26d7,2495,2006,16ca,041a,0000,0000,
00000000000000000000000000000002,29a3,29a3,28e5,2855,2736,24f6,2067,172d,047e,0000,0000,
00000000000000000000000000000002,29a3,29a3,2944,28b5,2796,2556,20c8,1790,04e2,0000,0000,
00000000000000000000000000000002,2a61,2a61,29a3,2914,27f5,25b7,2129,17f3,0546,0000,0000,
00000000000000000000000000000002,2a61,2a61,2a02,2973,2855,2617,218a,1856,05aa,0000,0000,
00000000000000000000000000000002,2b1f,2b1f,2a61,29d2,28b4,2676,21eb,18b9,060e,0000,0000,
00000000000000000000000000000002,2b1f,2b1f,2ac0,2a31,2913,26d6,224c,191c,0672,0000,0000,
00000000000000000000000000000002,2bdc,2bdc,2b1f,2a90,2972,2735,22ad,197f,06d6,0000,0000,
00000000000000000000000000000002,2bdc,2bdc,2b7d,2aef,29d1,2795,230e,19e2,073a,0000,0000,
00000000000000000000000000000002,2c99,2c99,2bdc,2b4e,2a30,27f4,236f,1a45,079e,0000,0000,
00000000000000000000000000000002,2c99,2c99,2c3a,2bac,2a8f,2853,23d0,1aa8,0802,0000,0000,
00000000000000000000000000000002,2d55,2d55,2c99,2c0b,2aee,28b2,2431,1b0b,0866,0000,0000,
00000000000000000000000000000002,2d55,2d55,2cf7,2c69,2b4d,2911,2492,1b6e,08ca,0000,0000,
00000000000000000000000000000002,2e11,2e11,2d55,2cc8,2bac,2970,24f3,1bd1,092e,0000,0000,
00000000000000000000000000000002,2e11,2e11,2db3,2d26,2c0a,29cf,2554,1c34,0992,0000,0000,
00000000000000000000000000000002,2ecc,2ecc,2e11,2d84,2c69,2a2e,25b5,1c95,09f6,0000,0000,
00000000000000000000000000000002,2ecc,2ecc,2e6e,2de2,2cc7,2a8d,2615,1cf6,0a5a,0000,0000,
00000000000000000000000000000002,2f87,2f87,2ecc,2e3f,2d26,2aec,2674,1d57,0abd,0000,0000,
00000000000000000000000000000002,2f87,2f87,2f29,2e9d,2d84,2b4b,26d3,1db8,0b20,0000,0000,
00000000000000000000000000000002,3041,3041,2f87,2efa,2de1,2baa,2732,1e19,0b83,0000,0000,
00000000000000000000000000000002,3041,3041,2fe4,2f58,2e3f,2c09,2791,1e7a,0be6,0000,0000,
00000000000000000000000000000002,30fb,30fb,3041,2fb5,2e9c,2c68,27f0,1edb,0c49,0000,0000,
00000000000000000000000000000002,30fb,30fb,309e,3012,2efa,2cc6,284f,1f3c,0cac,0000,0000,
00000000000000000000000000000002,31b5,31b5,30fb,306f,2f57,2d25,28ae,1f9d,0d0f,0000,0000,
00000000000000000000000000000002,31b5,31b5,3158,30cc,2fb4,2d83,290d,1ffe,0d72,0000,0000,
00000000000000000000000000000002,326e,326e,31b5,3129,3011,2de0,296c,205f,0dd5,0000,0000,
00000000000000000000000000000002,326e,326e,3211,3186,306e,2e3e,29cb,20c0,0e38,0000,0000,
00000000000000000000000000000002,3326,3326,326e,31e3,30cb,2e9b,2a2a,2121,0e9b,0000,0000,
00000000000000000000000000000002,3326,3326,32ca,323f,3128,2ef8,2a89,2182,0efe,0000,0000,
00000000000000000000000000000002,33df,33df,3326,329c,3185,2f55,2ae8,21e3,0f61,0000,0000,
00000000000000000000000000000002,33df,33df,3382,32f8,31e2,2fb2,2b47,2244,0fc4,0000,0000,
00000000000000000000000000000002,3496,3496,33df,3354,323f,300f,2ba6,22a5,1027,0000,0000,
00000000000000000000000000000002,3496,3496,343a,33b0,329b,306c,2c05,2306,108a,0000,0000,
00000000000000000000000000000002,354d,354d,3496,340c,32f8,30c9,2c64,2367,10ed,0000,0000,
00000000000000000000000000000002,354d,354d,34f1,3468,3354,3126,2cc3,23c8,1150,0000,0000,
00000000000000000000000000000002,3604,3604,354d,34c3,33b0,3183,2d22,2429,11b3,0000,0000,
00000000000000000000000000000002,3604,3604,35a8,351f,340c,31e0,2d80,248a,1216,0000,0000,
00000000000000000000000000000002,36ba,36ba,3604,357a,3467,323d,2ddd,24eb,1279,0000,0000,
00000000000000000000000000000002,36ba,36ba,365f,35d6,34c3,329a,2e3a,254c,12dc,0000,0000,
00000000000000000000000000000002,376f,376f,36ba,3631,351e,32f7,2e97,25ad,133f,0000,0000,
00000000000000000000000000000002,376f,376f,3714,368c,357a,3353,2ef4,260d,13a2,0000,0000,
00000000000000000000000000000002,3824,3824,376f,36e7,35d5,33af,2f51,266c,1405,0000,0000,
00000000000000000000000000000002,3824,3824,37c9,3741,3630,340b,2fae,26cb,1468,0000,0000,
00000000000000000000000000000002,38d9,38d9,3824,379c,368b,3466,300b,272a,14cb,0000,0000,
00000000000000000000000000000002,38d9,38d9,387e,37f6,36e6,34c2,3068,2789,152e,0000,0000,
00000000000000000000000000000002,398c,398c,38d9,3851,3741,351d,30c5,27e8,1591,0000,0000,
00000000000000000000000000000002,398c,398c,3932,38ab,379b,3578,3122,2847,15f4,0000,0000,
00000000000000000000000000000002,3a40,3a40,398c,3905,37f6,35d3,317f,28a6,1657,0000,0000,
00000000000000000000000000000002,3a40,3a40,39e6,395f,3850,362e,31dc,2905,16ba,0000,0000,
00000000000000000000000000000002,3af2,3af2,3a40,39b9,38ab,3689,3239,2964,171d,0000,0000,
00000000000000000000000000000002,3af2,3af2,3a99,3a13,3905,36e4,3296,29c3,1780,0000,0000,
00000000000000000000000000000002,3ba5,3ba5,3af2,3a6c,395f,373f,32f3,2a22,17e3,0000,0000,
00000000000000000000000000000002,3ba5,3ba5,3b4b,3ac5,39b9,379a,3350,2a81,1846,0000,0000,
00000000000000000000000000000002,3c56,3c56,3ba5,3b1e,3a12,37f5,33ad,2ae0,18a9,0000,0000,
00000000000000000000000000000002,3c56,3c56,3bfd,3b78,3a6b,384f,3408,2b3f,190c,0000,0000,
00000000000000000000000000000002,3d07,3d07,3c56,3bd1,3ac4,38aa,3463,2b9e,196f,0000,0000,
00000000000000000000000000000002,3d07,3d07,3cae,3c29,3b1e,3904,34be,2bfd,19d2,0000,0000,
00000000000000000000000000000002,3db8,3db8,3d07,3c82,3b77,395e,3519,2c5c,1a35,0000,0000,
00000000000000000000000000000002,3db8,3db8,3d5f,3cda,3bd0,39b7,3574,2cbb,1a98,0000,0000,
00000000000000000000000000000002,3e68,3e68,3db8,3d33,3c29,3a10,35cf,2d1a,1afb,0000,0000,
00000000000000000000000000000002,3e68,3e68,3e10,3d8b,3c81,3a6a,362a,2d78,1b5e,0000,0000,
00000000000000000000000000000002,3f17,3f17,3e68,3de4,3cda,3ac3,3685,2dd5,1bc1,0000,0000,
00000000000000000000000000000002,3f17,3f17,3ebf,3e3c,3d32,3b1c,36e0,2e32,1c24,0000,0000,
00000000000000000000000000000002,3fc5,3fc5,3f17,3e93,3d8b,3b75,373b,2e8f,1c85,0000,0000,
00000000000000000000000000000002,3fc5,3fc5,3f6e,3eeb,3de3,3bce,3796,2eec,1ce6,0000,0000,
00000000000000000000000000000002,4073,4073,3fc5,3f42,3e3b,3c27,37f1,2f49,1d47,0000,0000,
00000000000000000000000000000002,4073,4073,c01c,3f99,3e93,3c80,384c,2fa6,1da8,0000,0000,
00000000000000000000000000000002,4121,4121,c073,fff0,3eea,3cd9,38a7,3003,1e09,0000,0000,
00000000000000000000000000000002,4121,4121,c0ca,c047,3f41,3d31,3902,3060,1e6a,0000,0000,
00000000000000000000000000000002,41ce,41ce,c121,c09e,2f98,3d8a,395b,30bd,1ecb,0000,0000,
00000000000000000000000000000002,41ce,41ce,c177,c0f5,ffef,3de2,39b4,311a,1f2c,0000,0000,
00000000000000000000000000000002,427a,427a,c1ce,c14c,d046,3e3a,3a0d,3177,1f8d,0000,0000,
00000000000000000000000000000002,427a,427a,c224,c1a2,c09d,3e91,3a66,31d4,1fee,0000,0000,
00000000000000000000000000000002,4325,4325,c27a,c1f9,c0f4,3de8,3abf,3231,204f,0000,0000,
00000000000000000000000000000002,4325,4325,c2cf,c24f,c14b,373f,3b18,328e,20b0,0000,0000,
00000000000000000000000000000002,43d0,43d0,c325,c2a4,c1a2,2296,3b71,32eb,2111,0000,0000,
00000000000000000000000000000002,43d0,43d0,c37a,c2fa,c1f8,ffed,3bca,3348,2172,0000,0000,
00000000000000000000000000000002,447a,447a,c3d0,c34f,c24e,dd44,3c23,33a5,21d3,0001,0000,
00000000000000000000000000000002,447a,447a,c425,c3a5,c2a4,c89b,3c7c,3400,2234,0006,0000,
00000000000000000000000000000002,4524,4524,c47a,c3fa,c2f9,c1f2,3cd5,345b,2295,000f,0000,
00000000000000000000000000000002,4524,4524,c4cf,c44f,c34f,c149,3d2e,34b6,22f6,001c,0000,
00000000000000000000000000000002,45cd,45cd,c524,c4a4,c3a4,c1a0,3d86,3511,2357,002c,0000,
00000000000000000000000000000002,45cd,45cd,c578,c4f9,c3f9,c1f7,3dcf,356c,23b8,0040,0000,
00000000000000000000000000000002,4675,4675,c5cd,c54e,c44e,c24d,3dbd,35c7,2419,005b,0000,
00000000000000000000000000000002,4675,4675,c621,c5a2,c4a3,c2a3,3c4d,3622,247a,007e,0000,
00000000000000000000000000000002,471c,471c,c675,c5f7,c4f8,c2f8,374f,367d,24db,00a9,0000,
00000000000000000000000000000002,471c,471c,c6c8,c64b,c54d,c34d,2beb,36d8,253c,00db,0000,
00000000000000000000000000000002,47c3,47c3,c71c,c69e,c5a2,c3a2,18b5,3733,259d,0114,0000,
00000000000000000000000000000002,47c3,47c3,c76f,c6f2,c5f6,c3f7,ffe9,378e,25fd,0155,0000,
00000000000000000000000000000002,4869,4869,c7c3,c745,c64a,c44c,e71d,37e9,265c,019e,0000,
00000000000000000000000000000002,4869,4869,c816,c799,c69e,c4a1,d3e7,3844,26bb,01ed,0000,
00000000000000000000000000000002,490f,490f,c869,c7ec,c6f1,c4f6,c883,389f,271a,0240,0000,
00000000000000000000000000000002,490f,490f,c8bc,c83f,c745,c54b,c385,38fa,2779,0297,0000,
00000000000000000000000000000002,49b4,49b4,c90f,c892,c798,c5a0,c215,3953,27d8,02f2,0000,
00000000000000000000000000000002,49b4,49b4,c961,c8e5,c7eb,c5f5,c203,39ac,2837,0351,0000,
00000000000000000000000000000002,4a58,4a58,c9b4,c938,c83e,c649,c24b,3a05,2896,03b3,0000,
00000000000000000000000000000002,4a58,4a58,ca06,c98a,c891,c69d,c29f,3a5e,28f5,0415,0000,
00000000000000000000000000000002,4afb,4afb,ca58,c9dd,c8e4,c6f0,c2f4,3ab7,2954,0477,0000,
00000000000000000000000000000002,4afb,4afb,caa9,ca2f,c937,c743,c349,3b10,29b3,04d9,0000,
00000000000000000000000000000002,4b9d,4b9d,cafb,ca80,c98a,c796,c39e,3b69,2a12,053b,0000,
00000000000000000000000000000002,4b9d,4b9d,cb4c,cad2,c9dc,c7e9,c3f3,3bc2,2a71,059d,0000,
00000000000000000000000000000002,4c3f,4c3f,cb9d,cb23,ca2e,c83c,c448,3c1b,2ad0,05ff,0000,
00000000000000000000000000000002,4c3f,4c3f,cbee,cb74,ca80,c88f,c49d,3c73,2b2f,0661,0000,
00000000000000000000000000000002,4ce0,4ce0,cc3f,cbc5,cad1,c8e2,c4f2,3cc1,2b8e,06c3,0000,
00000000000000000000000000000002,4ce0,4ce0,cc8f,cc16,cb22,c935,c547,3cf2,2bed,0725,0000,
00000000000000000000000000000002,4d81,4d81,cce0,cc67,cb73,c988,c59c,3cd2,2c4c,0787,0000,
00000000000000000000000000000002,4d81,4d81,cd30,ccb7,cbc4,c9db,c5f1,3bf6,2cab,07e9,0000,
00000000000000000000000000000002,4e20,4e20,cd81,cd08,cc15,ca2d,c646,39a9,2d0a,084b,0000,
00000000000000000000000000000002,4e20,4e20,cdd0,cd58,cc66,ca7e,c699,34f5,2d68,08ae,0000,
00000000000000000000000000000002,4ebf,4ebf,ce20,cda8,ccb7,cacf,c6ec,2ce3,2dc5,0911,0000,
00000000000000000000000000000002,4ebf,4ebf,ce6f,cdf8,cd07,cb20,c73f,20ef,2e22,0974,0000,
00000000000000000000000000000002,4f5d,4f5d,cebf,ce47,cd58,cb71,c792,1178,2e7f,09d7,0000,
00000000000000000000000000000002,4f5d,4f5d,cf0e,ce97,cda8,cbc2,c7e5,ffe5,2edc,0a3a,0000,
00000000000000000000000000000002,4ffb,4ffb,cf5d,cee6,cdf7,cc13,c838,ee52,2f39,0a9d,0000,
00000000000000000000000000000002,4ffb,4ffb,cfac,cf35,ce47,cc64,c88b,dedb,2f96,0b00,0000,
00000000000000000000000000000002,5097,5097,cffb,cf84,ce96,ccb5,c8de,d2e6,2ff3,0b63,0000,
00000000000000000000000000000002,5097,5097,d049,cfd3,cee5,cd06,c931,cad4,3050,0bc6,0000,
00000000000000000000000000000002,5133,5133,d097,d022,cf34,cd57,c984,c61f,30ad,0c29,0000,
00000000000000000000000000000002,5133,5133,d0e5,d070,cf83,cda7,c9d7,c3d1,310a,0c8c,0000,
00000000000000000000000000000002,51ce,51ce,d133,d0be,cfd2,cdf6,ca29,c2f3,3167,0cef,0000,
00000000000000000000000000000002,51ce,51ce,d180,d10c,d021,ce45,ca7a,c2d1,31c4,0d52,0000,
00000000000000000000000000000002,5268,5268,d1ce,d159,d070,ce94,cacb,c2fe,3221,0db5,0000,
00000000000000000000000000000002,5268,5268,d21b,d1a7,d0be,cee3,cb1c,c348,327e,0e18,0000,
00000000000000000000000000000002,5302,5302,d268,d1f4,d10b,cf32,cb6d,c39b,32db,0e7b,0000,
00000000000000000000000000000002,5302,5302,d2b5,d241,d159,cf81,cbbe,c3ef,3338,0ede,0000,
00000000000000000000000000000002,539b,539b,d302,d28e,d1a6,cfd0,cc0f,c443,3395,0f41,0000,
00000000000000000000000000000002,539b,539b,d34e,d2db,d1f3,d01f,cc60,c497,33f0,0fa4,0000,
00000000000000000000000000000002,5432,5432,d39b,d328,d240,d06e,ccb1,c4eb,344b,1007,0000,
00000000000000000000000000000002,5432,5432,d3e6,d374,d28d,d0bd,cd02,c53f,34a6,106a,0000,
00000000000000000000000000000002,54c9,54c9,d432,d3c0,d2da,d10a,cd53,c594,3501,10cd,0000,
00000000000000000000000000000002,54c9,54c9,d47d,d40c,d327,d157,cda3,c5e9,355c,1130,0000,
00000000000000000000000000000002,5560,5560,d4c9,d457,d374,d1a4,cdf2,c63e,35b7,1193,0000,
00000000000000000000000000000002,5560,5560,d514,d4a3,d3c0,d1f1,ce41,c691,3612,11f6,0000,
00000000000000000000000000000002,55f5,55f5,d560,d4ee,d40b,d23e,ce90,c6e4,366d,1259,0000,
00000000000000000000000000000002,55f5,55f5,d5aa,d53a,d457,d28b,cedf,c737,36c8,12bc,0000,
00000000000000000000000000000002,568a,568a,d5f5,d585,d4a2,d2d8,cf2e,c78a,3723,131f,0000,
00000000000000000000000000000002,568a,568a,d63f,d5cf,d4ee,d325,cf7d,c7dd,377e,1382,0000,
00000000000000000000000000000002,571d,571d,d68a,d61a,d539,d372,cfcc,c830,37d9,13e5,0000,
00000000000000000000000000000002,571d,571d,d6d3,d664,d584,d3bf,d01b,c883,3834,1448,0000,
00000000000000000000000000000002,57b0,57b0,d71d,d6ae,d5cf,d40a,d06a,c8d6,388f,14ab,0000,
00000000000000000000000000000002,57b0,57b0,d766,d6f8,d619,d456,d0b9,c929,38ea,150e,0000,
00000000000000000000000000000002,5842,5842,d7b0,d741,d664,d4a1,d106,c97c,3943,1571,0000,
00000000000000000000000000000002,5842,5842,d7f9,d78b,d6ae,d4ec,d153,c9cf,399c,15d4,0000,
00000000000000000000000000000002,58d3,58d3,d842,d7d4,d6f7,d537,d1a0,ca21,39f5,1637,0000,
00000000000000000000000000000002,58d3,58d3,d88a,d81d,d741,d582,d1ed,ca72,3a4e,169a,0000,
00000000000000000000000000000002,5964,5964,d8d3,d866,d78a,d5cd,d23a,cac3,3aa7,16fd,0000,
00000000000000000000000000000002,5964,5964,d91b,d8ae,d7d3,d618,d287,cb14,3afe,1760,0000,
00000000000000000000000000000002,59f3,59f3,d964,d8f7,d81c,d663,d2d4,cb65,3b4f,17c3,0000,
00000000000000000000000000000002,59f3,59f3,d9ab,d93f,d865,d6ad,d321,cbb6,3b94,1826,0000,
00000000000000000000000000000002,5a82,5a82,d9f3,d987,d8ae,d6f6,d36e,cc07,3bbe,1889,0000,
00000000000000000000000000000002,5a82,5a82,da3a,d9cf,d8f6,d73f,d3bb,cc58,3bb5,18ec,0000,
00000000000000000000000000000002,5b0f,5b0f,da82,da16,d93f,d788,d407,cca9,3b54,194f,0000,
00000000000000000000000000000002,5b0f,5b0f,dac8,da5e,d987,d7d1,d452,ccfa,3a5f,19b2,0000,
00000000000000000000000000000002,5b9c,5b9c,db0f,daa5,d9ce,d81a,d49d,cd4b,388b,1a15,0000,
00000000000000000000000000000002,5b9c,5b9c,db55,daeb,da16,d863,d4e8,cd9b,357f,1a78,0000,
00000000000000000000000000000002,5c28,5c28,db9c,db32,da5d,d8ac,d533,cdea,30e2,1adb,0000,
00000000000000000000000000000002,5c28,5c28,dbe2,db78,daa4,d8f5,d57e,ce39,2a6f,1b3e,0000,
00000000000000000000000000000002,5cb3,5cb3,dc28,dbbf,daeb,d93e,d5c9,ce88,220b,1ba1,0000,
00000000000000000000000000000002,5cb3,5cb3,dc6d,dc05,db31,d986,d614,ced7,17d8,1c04,0000,
00000000000000000000000000000002,5d3e,5d3e,dcb3,dc4a,db78,d9cd,d65f,cf26,0c3c,1c65,0000,
00000000000000000000000000000002,5d3e,5d3e,dcf8,dc90,dbbe,da14,d6a9,cf75,ffdc,1cc6,0000,
00000000000000000000000000000002,5dc7,5dc7,dd3e,dcd5,dc04,da5b,d6f2,cfc4,f37b,1d27,0000,
00000000000000000000000000000002,5dc7,5dc7,dd82,dd1b,dc4a,daa2,d73b,d013,e7e0,1d88,0000,
00000000000000000000000000000002,5e4f,5e4f,ddc7,dd60,dc8f,dae9,d784,d062,ddad,1de9,0000,
00000000000000000000000000000002,5e4f,5e4f,de0b,dda4,dcd5,db30,d7cd,d0b1,d549,1e4a,0000,
00000000000000000000000000000002,5ed7,5ed7,de4f,dde9,dd1a,db77,d816,d0fe,ced5,1eab,0000,
00000000000000000000000000000002,5ed7,5ed7,de93,de2d,dd5f,dbbd,d85f,d14b,ca36,1f0c,0000,
00000000000000000000000000000002,5f5d,5f5d,ded7,de71,dda4,dc03,d8a8,d198,c728,1f6d,0000,
00000000000000000000000000000002,5f5d,5f5d,df1a,deb5,dde8,dc49,d8f1,d1e5,c551,1fce,0000,
00000000000000000000000000000002,5fe3,5fe3,df5d,def8,de2d,dc8e,d93a,d232,c459,202f,0000,
00000000000000000000000000000002,5fe3,5fe3,dfa0,df3b,de71,dcd3,d982,d27f,c3f3,2090,0000,
00000000000000000000000000000002,6068,6068,dfe3,df7e,deb4,dd18,d9c9,d2cc,c3e6,20f1,0000,
00000000000000000000000000000002,6068,6068,e025,dfc1,def7,dd5d,da10,d319,c40b,2152,0000,
00000000000000000000000000000002,60eb,60eb,e068,e004,df3a,dda2,da57,d366,c44b,21b3,0000,
00000000000000000000000000000002,60eb,60eb,e0a9,e046,df7d,dde7,da9e,d3b3,c496,2214,0000,
00000000000000000000000000000002,616e,616e,e0eb,e088,dfc0,de2c,dae5,d3ff,c4e7,2275,0000,
00000000000000000000000000000002,616e,616e,e12c,e0ca,e003,de6f,db2c,d44a,c539,22d6,0000,
00000000000000000000000000000002,61f0,61f0,e16e,e10b,e046,deb2,db73,d495,c58b,2337,0000,
00000000000000000000000000000002,61f0,61f0,e1af,e14d,e088,def5,dbba,d4e0,c5dd,2398,0000,
00000000000000000000000000000002,6271,6271,e1f0,e18e,e0c9,df38,dc00,d52b,c62f,23f9,0000,
00000000000000000000000000000002,6271,6271,e230,e1cf,e10b,df7b,dc45,d576,c681,245a,0000,
00000000000000000000000000000002,62f1,62f1,e271,e210,e14c,dfbe,dc8a,d5c1,c6d4,24bb,0000,
00000000000000000000000000000002,62f1,62f1,e2b1,e250,e18d,e001,dccf,d60c,c727,251c,0000,
00000000000000000000000000000002,6370,6370,e2f1,e291,e1ce,e044,dd14,d657,c77a,257d,0000,
00000000000000000000000000000002,6370,6370,e330,e2d1,e20f,e087,dd59,d6a1,c7cd,25dd,0000,
00000000000000000000000000000002,63ee,63ee,e370,e310,e250,e0c8,dd9e,d6ea,c820,263c,0000,
00000000000000000000000000000002,63ee,63ee,e3af,e350,e290,e109,dde3,d733,c873,269b,0000,
00000000000000000000000000000002,646c,646c,e3ee,e38f,e2d0,e14a,de28,d77c,c8c6,26fa,0000,
00000000000000000000000000000002,646c,646c,e42d,e3ce,e310,e18b,de6b,d7c5,c919,2759,0000,
00000000000000000000000000000002,64e8,64e8,e46c,e40d,e34f,e1cc,deae,d80e,c96c,27b8,0000,
00000000000000000000000000000002,64e8,64e8,e4aa,e44c,e38e,e20d,def1,d857,c9bf,2817,0000,
00000000000000000000000000000002,6563,6563,e4e8,e48b,e3cd,e24e,df34,d8a0,ca11,2876,0000,
00000000000000000000000000000002,6563,6563,e525,e4c9,e40c,e28f,df77,d8e9,ca62,28d5,0000,
00000000000000000000000000000002,65dd,65dd,e563,e506,e44b,e2cf,dfba,d932,cab3,2934,0000,
00000000000000000000000000000002,65dd,65dd,e5a0,e544,e48a,e30e,dffd,d97a,cb04,2993,0000,
00000000000000000000000000000002,6656,6656,e5dd,e581,e4c8,e34d,e040,d9c1,cb55,29f2,0000,
00000000000000000000000000000002,6656,6656,e619,e5be,e506,e38c,e083,da08,cba6,2a51,0000,
00000000000000000000000000000002,66cf,66cf,e656,e5fb,e543,e3cb,e0c4,da4f,cbf7,2ab0,0000,
00000000000000000000000000000002,66cf,66cf,e692,e637,e580,e40a,e105,da96,cc48,2b0f,0000,
00000000000000000000000000000002,6746,6746,e6cf,e674,e5bd,e449,e146,dadd,cc99,2b6e,0000,
00000000000000000000000000000002,6746,6746,e70a,e6b0,e5fa,e488,e187,db24,ccea,2bcd,0000,
00000000000000000000000000000002,67bc,67bc,e746,e6ec,e637,e4c7,e1c8,db6b,cd3b,2c2c,0000,
00000000000000000000000000000002,67bc,67bc,e781,e728,e673,e504,e209,dbb2,cd8b,2c8b,0000,
00000000000000000000000000000002,6832,6832,e7bc,e763,e6b0,e541,e24a,dbf8,cdda,2cea,0000,
00000000000000000000000000000002,6832,6832,e7f7,e79e,e6ec,e57e,e28b,dc3d,ce29,2d48,0000,
00000000000000000000000000000002,68a6,68a6,e832,e7d9,e727,e5bb,e2cb,dc82,ce78,2da5,0000,
00000000000000000000000000000002,68a6,68a6,e86c,e814,e762,e5f8,e30a,dcc7,cec7,2e02,0000,
00000000000000000000000000000002,6919,6919,e8a6,e84f,e79d,e635,e349,dd0c,cf16,2e5f,0000,
00000000000000000000000000000002,6919,6919,e8df,e889,e7d8,e672,e388,dd51,cf65,2ebc,0000,
00000000000000000000000000000002,698b,698b,e919,e8c2,e813,e6af,e3c7,dd96,cfb4,2f19,0000,
00000000000000000000000000000002,698b,698b,e952,e8fc,e84e,e6ea,e406,dddb,d003,2f76,0000,
00000000000000000000000000000002,69fd,69fd,e98b,e935,e888,e725,e445,de20,d052,2fd3,0000,
00000000000000000000000000000002,69fd,69fd,e9c4,e96e,e8c2,e760,e484,de63,d0a1,3030,0000,
00000000000000000000000000000002,6a6d,6a6d,e9fd,e9a7,e8fb,e79b,e4c3,dea6,d0ee,308d,0000,
00000000000000000000000000000002,6a6d,6a6d,ea35,e9e0,e934,e7d6,e500,dee9,d13b,30ea,0000,
00000000000000000000000000000002,6adc,6adc,ea6d,ea19,e96d,e811,e53d,df2c,d188,3147,0000,
00000000000000000000000000000002,6adc,6adc,eaa4,ea51,e9a6,e84c,e57a,df6f,d1d5,31a4,0000,
00000000000000000000000000000002,6b4a,6b4a,eadc,ea88,e9df,e887,e5b7,dfb2,d222,3201,0000,
00000000000000000000000000000002,6b4a,6b4a,eb13,eac0,ea18,e8c0,e5f4,dff5,d26f,325e,0000,
00000000000000000000000000000002,6bb7,6bb7,eb4a,eaf7,ea50,e8f9,e631,e038,d2bc,32bb,0000,
00000000000000000000000000000002,6bb7,6bb7,eb80,eb2e,ea88,e932,e66e,e07b,d309,3318,0000,
00000000000000000000000000000002,6c23,6c23,ebb7,eb65,eabf,e96b,e6ab,e0bc,d356,3375,0000,
00000000000000000000000000000002,6c23,6c23,ebed,eb9b,eaf6,e9a4,e6e6,e0fd,d3a3,33d0,0000,
00000000000000000000000000000002,6c8e,6c8e,ec23,ebd2,eb2d,e9dd,e721,e13e,d3ef,342b,0000,
00000000000000000000000000000002,6c8e,6c8e,ec58,ec08,eb64,ea16,e75c,e17f,d43a,3486,0000,
00000000000000000000000000000002,6cf8,6cf8,ec8e,ec3d,eb9b,ea4f,e797,e1c0,d485,34e1,0000,
00000000000000000000000000000002,6cf8,6cf8,ecc3,ec73,ebd1,ea86,e7d2,e201,d4d0,353c,0000,
00000000000000000000000000000002,6d61,6d61,ecf8,eca8,ec07,eabd,e80d,e242,d51b,3597,0000,
00000000000000000000000000000002,6d61,6d61,ed2c,ecdd,ec3d,eaf4,e848,e283,d566,35f2,0000,
00000000000000000000000000000002,6dc9,6dc9,ed61,ed12,ec72,eb2b,e883,e2c3,d5b1,364d,0000,
00000000000000000000000000000002,6dc9,6dc9,ed95,ed46,eca7,eb62,e8bc,e302,d5fc,36a8,0000,
00000000000000000000000000000002,6e30,6e30,edc9,ed7b,ecdc,eb99,e8f5,e341,d647,3703,0000,
00000000000000000000000000000002,6e30,6e30,edfc,edaf,ed11,ebd0,e92e,e380,d691,375e,0000,
00000000000000000000000000000002,6e96,6e96,ee30,ede2,ed46,ec06,e967,e3bf,d6da,37b9,0000,
00000000000000000000000000000002,6e96,6e96,ee63,ee16,ed7a,ec3b,e9a0,e3fe,d723,3814,0000,
00000000000000000000000000000002,6efb,6efb,ee96,ee49,edae,ec70,e9d9,e43d,d76c,386f,0000,
00000000000000000000000000000002,6efb,6efb,eec8,ee7c,ede2,eca5,ea12,e47c,d7b5,38c9,0000,
00000000000000000000000000000002,6f5e,6f5e,eefb,eeaf,ee15,ecda,ea4b,e4bb,d7fe,391f,0000,
00000000000000000000000000000002,6f5e,6f5e,ef2c,eee1,ee48,ed0f,ea82,e4f8,d847,3971,0000,
00000000000000000000000000000002,6fc1,6fc1,ef5e,ef13,ee7b,ed44,eab9,e535,d890,39ba,0000,
00000000000000000000000000000002,6fc1,6fc1,ef8f,ef45,eeae,ed79,eaf0,e572,d8d9,39f5,0000,
00000000000000000000000000000002,7022,7022,efc1,ef76,eee1,edad,eb27,e5af,d922,3a1b,0000,
00000000000000000000000000000002,7022,7022,eff1,efa8,ef13,ede0,eb5e,e5ec,d96a,3a21,0000,
00000000000000000000000000000002,7083,7083,f022,efd9,ef44,ee13,eb95,e629,d9b1,39f8,0000,
00000000000000000000000000000002,7083,7083,f052,f009,ef76,ee46,ebcc,e666,d9f8,398c,0000,
00000000000000000000000000000002,70e2,70e2,f083,f03a,efa7,ee79,ec02,e6a3,da3f,38c5,0000,
00000000000000000000000000000002,70e2,70e2,f0b2,f06a,efd8,eeac,ec37,e6de,da86,3784,0000,
00000000000000000000000000000002,7140,7140,f0e2,f09a,f009,eedf,ec6c,e719,dacd,35ab,0000,
00000000000000000000000000000002,7140,7140,f111,f0ca,f039,ef12,eca1,e754,db14,331a,0000,
00000000000000000000000000000002,719d,719d,f140,f0f9,f06a,ef43,ecd6,e78f,db5b,2fb4,0000,
00000000000000000000000000000002,719d,719d,f16e,f128,f09a,ef74,ed0b,e7ca,dba2,2b61,0000,
00000000000000000000000000000002,71f9,71f9,f19d,f157,f0c9,efa5,ed40,e805,dbe8,2617,0000,
00000000000000000000000000000002,71f9,71f9,f1cb,f185,f0f8,efd6,ed75,e840,dc2d,1fd8,0000,
00000000000000000000000000000002,7254,7254,f1f9,f1b4,f127,f007,eda9,e87b,dc72,18b8,0000,
00000000000000000000000000000002,7254,7254,f226,f1e2,f156,f038,eddc,e8b4,dcb7,10db,0000,
00000000000000000000000000000002,72ae,72ae,f254,f20f,f185,f069,ee0f,e8ed,dcfc,0876,0000,
00000000000000000000000000000002,72ae,72ae,f281,f23d,f1b3,f098,ee42,e926,dd41,ffcb,0000,
00000000000000000000000000000002,7307,7307,f2ae,f26a,f1e1,f0c7,ee75,e95f,dd86,f720,0000,
00000000000000000000000000000002,7307,7307,f2da,f297,f20f,f0f6,eea8,e998,ddcb,eebc,0000,
00000000000000000000000000000002,735e,735e,f307,f2c4,f23c,f125,eedb,e9d1,de10,e6de,0000,
00000000000000000000000000000002,735e,735e,f332,f2f0,f269,f154,ef0e,ea0a,de53,dfbd,0000,
00000000000000000000000000000002,73b5,73b5,f35e,f31c,f296,f183,ef3f,ea43,de96,d97c,0000,
00000000000000000000000000000002,73b5,73b5,f389,f348,f2c3,f1b2,ef70,ea7a,ded9,d430,0000,
00000000000000000000000000000002,740a,740a,f3b5,f373,f2f0,f1e0,efa1,eab1,df1c,cfdb,0000,
00000000000000000000000000000002,740a,740a,f3df,f39f,f31c,f20d,efd2,eae8,df5f,cc71,0000,
00000000000000000000000000000002,745f,745f,f40a,f3ca,f347,f23a,f003,eb1f,dfa2,c9dd,0000,
00000000000000000000000000000002,745f,745f,f434,f3f4,f373,f267,f034,eb56,dfe5,c800,0000,
00000000000000000000000000000002,74b2,74b2,f45f,f41f,f39e,f294,f065,eb8d,e028,c6bb,0001,
00000000000000000000000000000002,74b2,74b2,f488,f449,f3c9,f2c1,f094,ebc4,e06b,c5ef,0006,
00000000000000000000000000000002,7504,7504,f4b2,f473,f3f4,f2ee,f0c3,ebfa,e0ac,c57e,000f,
00000000000000000000000000000002,7504,7504,f4db,f49d,f41e,f31b,f0f2,ec2f,e0ed,c550,001c,
00000000000000000000000000000002,7555,7555,f504,f4c6,f449,f346,f121,ec64,e12e,c550,002d,
00000000000000000000000000000002,7555,7555,f52c,f4ef,f473,f371,f150,ec99,e16f,c570,0042,
00000000000000000000000000000002,75a5,75a5,f555,f518,f49c,f39c,f17f,ecce,e1b0,c5a5,005b,
00000000000000000000000000000002,75a5,75a5,f57d,f540,f4c5,f3c7,f1ae,ed03,e1f1,c5e7,0078,
00000000000000000000000000000002,75f3,75f3,f5a5,f569,f4ee,f3f2,f1dc,ed38,e232,c630,0099,
00000000000000000000000000000002,75f3,75f3,f5cc,f591,f517,f41d,f209,ed6d,e273,c67e,00be,
00000000000000000000000000000002,7641,7641,f5f3,f5b8,f540,f448,f236,eda1,e2b3,c6ce,00e9,
00000000000000000000000000000002,7641,7641,f61a,f5df,f568,f471,f263,edd4,e2f2,c71e,011b,
00000000000000000000000000000002,768d,768d,f641,f606,f590,f49a,f290,ee07,e331,c76e,0154,
00000000000000000000000000000002,768d,768d,f667,f62d,f5b7,f4c3,f2bd,ee3a,e370,c7be,0192,
00000000000000000000000000000002,76d8,76d8,f68d,f654,f5de,f4ec,f2ea,ee6d,e3af,c80e,01d4,
00000000000000000000000000000002,76d8,76d8,f6b2,f67a,f605,f515,f317,eea0,e3ee,c85e,021a,
00000000000000000000000000000002,7722,7722,f6d8,f69f,f62c,f53e,f342,eed3,e42d,c8ae,0264,
00000000000000000000000000000002,7722,7722,f6fd,f6c5,f653,f567,f36d,ef06,e46c,c8fe,02b2,
00000000000000000000000000000002,776b,776b,f722,f6ea,f679,f58e,f398,ef37,e4ab,c94f,0304,
00000000000000000000000000000002,776b,776b,f746,f70f,f69f,f5b5,f3c3,ef68,e4e8,c9a0,035b,
00000000000000000000000000000002,77b3,77b3,f76b,f734,f6c4,f5dc,f3ee,ef99,e525,c9f1,03b6,
00000000000000000000000000000002,77b3,77b3,f78f,f758,f6e9,f603,f419,efca,e562,ca42,0415,
00000000000000000000000000000002,77fa,77fa,f7b3,f77d,f70e,f62a,f444,effb,e59f,ca93,0477,
00000000000000000000000000000002,77fa,77fa,f7d6,f7a1,f733,f651,f46d,f02c,e5dc,cae4,04d9,
00000000000000000000000000000002,783f,783f,f7fa,f7c4,f758,f678,f496,f05d,e619,cb35,053b,
00000000000000000000000000000002,783f,783f,f81c,f7e8,f77c,f69d,f4bf,f08c,e656,cb86,059d,
00000000000000000000000000000002,7884,7884,f83f,f80b,f7a0,f6c2,f4e8,f0bb,e693,cbd7,05ff,
00000000000000000000000000000002,7884,7884,f861,f82d,f7c4,f6e7,f511,f0ea,e6ce,cc28,0661,
00000000000000000000000000000002,78c7,78c7,f884,f850,f7e7,f70c,f53a,f119,e709,cc79,06c3,
00000000000000000000000000000002,78c7,78c7,f8a5,f872,f80a,f731,f563,f148,e744,ccca,0725,
00000000000000000000000000000002,7909,7909,f8c7,f894,f82d,f756,f58a,f177,e77f,cd1b,0787,
00000000000000000000000000000002,7909,7909,f8e8,f8b6,f84f,f77b,f5b1,f1a6,e7ba,cd6b,07e9,
00000000000000000000000000000002,794a,794a,f909,f8d7,f872,f79f,f5d8,f1d4,e7f5,cdba,084b,
00000000000000000000000000000002,794a,794a,f929,f8f8,f894,f7c2,f5ff,f201,e830,ce09,08ad,
00000000000000000000000000000002,7989,7989,f94a,f919,f8b5,f7e5,f626,f22e,e86b,ce58,090f,
00000000000000000000000000000002,7989,7989,f969,f939,f8d6,f808,f64d,f25b,e8a4,cea7,0971,
00000000000000000000000000000002,79c8,79c8,f989,f959,f8f7,f82b,f674,f288,e8dd,cef6,09d3,
00000000000000000000000000000002,79c8,79c8,f9a8,f979,f918,f84e,f699,f2b5,e916,cf45,0a35,
00000000000000000000000000000002,7a05,7a05,f9c8,f998,f939,f871,f6be,f2e2,e94f,cf94,0a97,
00000000000000000000000000000002,7a05,7a05,f9e6,f9b8,f959,f892,f6e3,f30f,e988,cfe3,0af9,
00000000000000000000000000000002,7a41,7a41,fa05,f9d7,f978,f8b3,f708,f33a,e9c1,d032,0b5b,
00000000000000000000000000000002,7a41,7a41,fa23,f9f5,f998,f8d4,f72d,f365,e9fa,d081,0bbd,
00000000000000000000000000000002,7a7c,7a7c,fa41,fa14,f9b7,f8f5,f752,f390,ea33,d0ce,0c1f,
00000000000000000000000000000002,7a7c,7a7c,fa5e,fa32,f9d6,f916,f777,f3bb,ea6a,d11b,0c81,
00000000000000000000000000000002,7ab6,7ab6,fa7c,fa4f,f9f5,f937,f79b,f3e6,eaa1,d168,0ce3,
00000000000000000000000000000002,7ab6,7ab6,fa99,fa6d,fa13,f958,f7be,f411,ead8,d1b5,0d45,
00000000000000000000000000000002,7aee,7aee,fab6,fa8a,fa31,f977,f7e1,f43c,eb0f,d202,0da7,
00000000000000000000000000000002,7aee,7aee,fad2,faa7,fa4f,f996,f804,f465,eb46,d24f,0e09,
00000000000000000000000000000002,7b26,7b26,faee,fac4,fa6c,f9b5,f827,f48e,eb7d,d29c,0e6b,
00000000000000000000000000000002,7b26,7b26,fb0a,fae0,fa89,f9d4,f84a,f4b7,ebb4,d2e9,0ecd,
00000000000000000000000000000002,7b5c,7b5c,fb26,fafc,faa6,f9f3,f86d,f4e0,ebea,d336,0f2f,
00000000000000000000000000000002,7b5c,7b5c,fb41,fb18,fac3,fa12,f88e,f509,ec1f,d383,0f91,
00000000000000000000000000000002,7b91,7b91,fb5c,fb33,fae0,fa30,f8af,f532,ec54,d3cf,0ff3,
00000000000000000000000000000002,7b91,7b91,fb76,fb4e,fafc,fa4d,f8d0,f55b,ec89,d41a,1055,
00000000000000000000000000000002,7bc5,7bc5,fb91,fb69,fb17,fa6a,f8f1,f582,ecbe,d465,10b7,
00000000000000000000000000000002,7bc5,7bc5,fbab,fb83,fb32,fa87,f912,f5a9,ecf3,d4b0,1119,
00000000000000000000000000000002,7bf8,7bf8,fbc5,fb9e,fb4d,faa4,f933,f5d0,ed28,d4fb,117b,
00000000000000000000000000000002,7bf8,7bf8,fbde,fbb8,fb68,fac1,f954,f5f7,ed5d,d546,11dd,
00000000000000000000000000000002,7c29,7c29,fbf8,fbd1,fb83,fade,f973,f61e,ed91,d591,123f,
00000000000000000000000000000002,7c29,7c29,fc10,fbeb,fb9d,fafa,f992,f645,edc4,d5dc,12a1,
00000000000000000000000000000002,7c59,7c59,fc29,fc04,fbb7,fb15,f9b1,f66c,edf7,d627,1303,
00000000000000000000000000000002,7c59,7c59,fc41,fc1c,fbd1,fb30,f9d0,f691,ee2a,d671,1365,
00000000000000000000000000000002,7c88,7c88,fc59,fc35,fbea,fb4b,f9ef,f6b6,ee5d,d6ba,13c7,
00000000000000000000000000000002,7c88,7c88,fc70,fc4d,fc03,fb66,fa0e,f6db,ee90,d703,1429,
00000000000000000000000000000002,7cb6,7cb6,fc88,fc64,fc1c,fb81,fa2c,f700,eec3,d74c,148b,
00000000000000000000000000000002,7cb6,7cb6,fc9f,fc7c,fc34,fb9c,fa49,f725,eef6,d795,14ed,
00000000000000000000000000000002,7ce3,7ce3,fcb6,fc93,fc4c,fbb6,fa66,f74a,ef27,d7de,154f,
00000000000000000000000000000002,7ce3,7ce3,fccc,fcaa,fc64,fbcf,fa83,f76f,ef58,d827,15b1,
00000000000000000000000000000002,7d0e,7d0e,fce3,fcc1,fc7b,fbe8,faa0,f793,ef89,d870,1613,
00000000000000000000000000000002,7d0e,7d0e,fcf8,fcd7,fc92,fc01,fabd,f7b6,efba,d8b9,1675,
00000000000000000000000000000002,7d39,7d39,fd0e,fced,fca9,fc1a,fada,f7d9,efeb,d902,16d7,
00000000000000000000000000000002,7d39,7d39,fd23,fd03,fcc0,fc33,faf6,f7fc,f01c,d94a,1738,
00000000000000000000000000000002,7d62,7d62,fd39,fd18,fcd7,fc4b,fb11,f81f,f04d,d991,1799,
00000000000000000000000000000002,7d62,7d62,fd4d,fd2e,fced,fc62,fb2c,f842,f07c,d9d8,17fa,
00000000000000000000000000000002,7d89,7d89,fd62,fd43,fd02,fc79,fb47,f865,f0ab,da1f,185b,
00000000000000000000000000000002,7d89,7d89,fd75,fd57,fd18,fc90,fb62,f886,f0da,da66,18bc,
00000000000000000000000000000002,7db0,7db0,fd89,fd6b,fd2d,fca7,fb7d,f8a7,f109,daad,191d,
00000000000000000000000000000002,7db0,7db0,fd9c,fd7f,fd42,fcbe,fb98,f8c8,f138,daf4,197e,
00000000000000000000000000000002,7dd5,7dd5,fdb0,fd92,fd57,fcd5,fbb2,f8e9,f167,db3b,19df,
00000000000000000000000000000002,7dd5,7dd5,fdc2,fda6,fd6b,fcec,fbcb,f90a,f196,db82,1a40,
00000000000000000000000000000002,7dfa,7dfa,fdd5,fdb9,fd7e,fd01,fbe4,f92b,f1c4,dbc8,1aa1,
00000000000000000000000000000002,7dfa,7dfa,fde7,fdcb,fd92,fd16,fbfd,f94c,f1f1,dc0d,1b02,
00000000000000000000000000000002,7e1d,7e1d,fdfa,fdde,fda5,fd2b,fc16,f96b,f21e,dc52,1b63,
00000000000000000000000000000002,7e1d,7e1d,fe0b,fdf0,fdb8,fd40,fc2f,f98a,f24b,dc97,1bc4,
00000000000000000000000000000002,7e3e,7e3e,fe1d,fe02,fdcb,fd55,fc47,f9a9,f278,dcdc,1c25,
00000000000000000000000000000002,7e3e,7e3e,fe2d,fe14,fddd,fd6a,fc5e,f9c8,f2a5,dd21,1c86,
00000000000000000000000000000002,7e5f,7e5f,fe3e,fe25,fdf0,fd7d,fc75,f9e7,f2d2,dd66,1ce7,
00000000000000000000000000000002,7e5f,7e5f,fe4e,fe35,fe02,fd90,fc8c,fa06,f2ff,ddab,1d48,
00000000000000000000000000000002,7e7e,7e7e,fe5f,fe46,fe13,fda3,fca3,fa24,f32a,ddf0,1da9,
00000000000000000000000000000002,7e7e,7e7e,fe6e,fe56,fe24,fdb6,fcba,fa41,f355,de33,1e0a,
00000000000000000000000000000002,7e9c,7e9c,fe7e,fe66,fe35,fdc9,fcd1,fa5e,f380,de76,1e6b,
00000000000000000000000000000002,7e9c,7e9c,fe8d,fe76,fe45,fddc,fce8,fa7b,f3ab,deb9,1ecc,
00000000000000000000000000000002,7eb9,7eb9,fe9c,fe85,fe56,fdef,fcfd,fa98,f3d6,defc,1f2d,
00000000000000000000000000000002,7eb9,7eb9,feaa,fe94,fe66,fe00,fd12,fab5,f401,df3f,1f8e,
00000000000000000000000000000002,7ed5,7ed5,feb9,fea3,fe75,fe11,fd27,fad2,f42c,df82,1fef,
00000000000000000000000000000002,7ed5,7ed5,fec7,feb1,fe84,fe22,fd3c,faee,f455,dfc5,2050,
00000000000000000000000000000002,7eef,7eef,fed5,fec0,fe93,fe33,fd51,fb09,f47e,e008,20b1,
00000000000000000000000000000002,7eef,7eef,fee2,fece,fea2,fe44,fd66,fb24,f4a7,e04b,2112,
00000000000000000000000000000002,7f09,7f09,feef,fedb,feb1,fe55,fd79,fb3f,f4d0,e08c,2173,
00000000000000000000000000000002,7f09,7f09,fefc,fee8,febf,fe64,fd8c,fb5a,f4f9,e0cd,21d4,
00000000000000000000000000000002,7f21,7f21,ff09,fef5,fecd,fe73,fd9f,fb75,f522,e10e,2235,
00000000000000000000000000000002,7f21,7f21,ff15,ff02,feda,fe82,fdb2,fb90,f54b,e14f,2296,
00000000000000000000000000000002,7f37,7f37,ff21,ff0f,fee7,fe91,fdc5,fbaa,f572,e190,22f7,
00000000000000000000000000000002,7f37,7f37,ff2c,ff1b,fef4,fea0,fdd8,fbc3,f599,e1d1,2358,
00000000000000000000000000000002,7f4d,7f4d,ff37,ff26,ff01,feaf,fdeb,fbdc,f5c0,e212,23b9,
00000000000000000000000000000002,7f4d,7f4d,ff42,ff31,ff0e,febe,fdfc,fbf5,f5e7,e253,241a,
00000000000000000000000000000002,7f61,7f61,ff4d,ff3c,ff1a,fecb,fe0d,fc0e,f60e,e293,247b,
00000000000000000000000000000002,7f61,7f61,ff57,ff47,ff25,fed8,fe1e,fc27,f635,e2d2,24dc,
00000000000000000000000000000002,7f74,7f74,ff61,ff52,ff30,fee5,fe2f,fc3f,f65c,e311,253d,
00000000000000000000000000000002,7f74,7f74,ff6a,ff5c,ff3b,fef2,fe40,fc56,f681,e350,259d,
00000000000000000000000000000002,7f86,7f86,ff74,ff65,ff46,feff,fe51,fc6d,f6a6,e38f,25fc,
00000000000000000000000000000002,7f86,7f86,ff7d,ff6f,ff51,ff0c,fe60,fc84,f6cb,e3ce,265b,
00000000000000000000000000000002,7f97,7f97,ff86,ff78,ff5b,ff18,fe6f,fc9b,f6f0,e40d,26ba,
00000000000000000000000000000002,7f97,7f97,ff8e,ff81,ff65,ff23,fe7e,fcb2,f715,e44c,2719,
00000000000000000000000000000002,7fa6,7fa6,ff97,ff8a,ff6e,ff2e,fe8d,fcc9,f73a,e48b,2778,
00000000000000000000000000000002,7fa6,7fa6,ff9e,ff92,ff77,ff39,fe9c,fce0,f75f,e4c8,27d7,
00000000000000000000000000000002,7fb4,7fb4,ffa6,ff9a,ff80,ff44,feab,fcf5,f783,e505,2836,
00000000000000000000000000000002,7fb4,7fb4,ffad,ffa2,ff89,ff4f,feba,fd0a,f7a6,e542,2895,
00000000000000000000000000000002,7fc1,7fc1,ffb4,ffa9,ff92,ff5a,fec7,fd1f,f7c9,e57f,28f4,
00000000000000000000000000000002,7fc1,7fc1,ffba,ffb0,ff9a,ff63,fed4,fd34,f7ec,e5bc,2953,
00000000000000000000000000000002,7fcd,7fcd,ffc1,ffb7,ffa1,ff6c,fee1,fd49,f80f,e5f9,29b2,
00000000000000000000000000000002,7fcd,7fcd,ffc7,ffbd,ffa8,ff75,feee,fd5e,f832,e636,2a11,
00000000000000000000000000000002,7fd8,7fd8,ffcd,ffc4,ffaf,ff7e,fefb,fd71,f855,e673,2a70,
00000000000000000000000000000002,7fd8,7fd8,ffd2,ffca,ffb6,ff87,ff08,fd84,f876,e6ae,2acf,
00000000000000000000000000000002,7fe1,7fe1,ffd8,ffcf,ffbd,ff90,ff14,fd97,f897,e6e9,2b2e,
00000000000000000000000000000002,7fe1,7fe1,ffdc,ffd5,ffc3,ff98,ff1f,fdaa,f8b8,e724,2b8d,
00000000000000000000000000000002,7fe9,7fe9,ffe1,ffda,ffc9,ff9f,ff2a,fdbd,f8d9,e75f,2bec,
00000000000000000000000000000002,7fe9,7fe9,ffe5,ffde,ffcf,ffa6,ff35,fdd0,f8fa,e79a,2c4b,
00000000000000000000000000000002,7ff0,7ff0,ffe9,ffe3,ffd4,ffad,ff40,fde3,f91b,e7d5,2caa,
00000000000000000000000000000002,7ff0,7ff0,ffec,ffe7,ffd9,ffb4,ff4b,fdf4,f93c,e810,2d08,
00000000000000000000000000000002,7ff5,7ff5,fff0,ffea,ffde,ffbb,ff56,fe05,f95b,e84b,2d65,
00000000000000000000000000000002,7ff5,7ff5,fff2,ffee,ffe2,ffc2,ff5f,fe16,f97a,e884,2dc2,
00000000000000000000000000000002,7ff9,7ff9,fff5,fff1,ffe6,ffc8,ff68,fe27,f999,e8bd,2e1f,
00000000000000000000000000000002,7ff9,7ff9,fff7,fff3,ffea,ffcd,ff71,fe38,f9b8,e8f6,2e7c,
00000000000000000000000000000002,7ffd,7ffd,fff9,fff6,ffed,ffd2,ff7a,fe49,f9d7,e92f,2ed9,
00000000000000000000000000000002,7ffd,7ffd,fffb,fff8,fff0,ffd7,ff83,fe58,f9f6,e968,2f36,
00000000000000000000000000000002,7ffe,7ffe,fffd,fffa,fff3,ffdc,ff8c,fe67,fa14,e9a1,2f93,
00000000000000000000000000000002,7ffe,7ffe,fffd,fffc,fff5,ffe1,ff94,fe76,fa31,e9da,2ff0,
00000000000000000000000000000002,7fff,7fff,fffe,fffd,fff8,ffe5,ff9b,fe85,fa4e,ea13,304d,
00000000000000000000000000000002,7fff,7fff,fffe,fffd,fffa,ffe8,ffa2,fe94,fa6b,ea4a,30aa,
00000000000000000000000000000002,7ffe,7ffe,ffff,fffe,fffb,ffeb,ffa9,fea3,fa88,ea81,3107,
00000000000000000000000000000002,7ffe,7ffe,fffe,fffe,fffc,ffee,ffb0,feb2,faa5,eab8,3164,
00000000000000000000000000000002,7ffd,7ffd,fffe,fffe,fffd,fff1,ffb7,febf,fac2,eaef,31c1,
00000000000000000000000000000002,7ffd,7ffd,fffd,fffe,fffd,fff4,ffbe,fecc,fade,eb26,321e,
00000000000000000000000000000002,7ff9,7ff9,fffd,fffd,fffe,fff7,ffc4,fed9,faf9,eb5d,327b,
00000000000000000000000000000002,7ff9,7ff9,fffb,fffd,fffe,fff8,ffc9,fee6,fb14,eb94,32d8,
00000000000000000000000000000002,7ff5,7ff5,fff9,fffc,fffd,fff9,ffce,fef3,fb2f,ebca,3335,
00000000000000000000000000000002,7ff5,7ff5,fff7,fffa,fffd,fffa,ffd3,ff00,fb4a,ebff,3390,
00000000000000000000000000000002,7ff0,7ff0,fff5,fff8,fffc,fffb,ffd8,ff0c,fb65,ec34,33eb,
00000000000000000000000000000002,7ff0,7ff0,fff2,fff6,fffb,fffc,ffdd,ff17,fb80,ec69,3446,
00000000000000000000000000000002,7fe9,7fe9,fff0,fff3,fffa,fffd,ffe1,ff22,fb9a,ec9e,34a1,
00000000000000000000000000000002,7fe9,7fe9,ffec,fff1,fff8,fffd,ffe4,ff2d,fbb3,ecd3,34fc,
00000000000000000000000000000002,7fe1,7fe1,ffe9,ffee,fff5,fffc,ffe7,ff38,fbcc,ed08,3557,
00000000000000000000000000000002,7fe1,7fe1,ffe5,ffea,fff3,fffb,ffea,ff43,fbe5,ed3d,35b2,
00000000000000000000000000000002,7fd8,7fd8,ffe1,ffe7,fff0,fffa,ffed,ff4e,fbfe,ed71,360d,
00000000000000000000000000000002,7fd8,7fd8,ffdc,ffe3,ffed,fff9,fff0,ff57,fc17,eda4,3665,
00000000000000000000000000000002,7fcd,7fcd,ffd8,ffde,ffea,fff8,fff3,ff60,fc2f,edd7,36b9,
00000000000000000000000000000002,7fcd,7fcd,ffd2,ffda,ffe6,fff7,fff4,ff69,fc46,ee0a,3708,
00000000000000000000000000000002,7fc1,7fc1,ffcd,ffd5,ffe2,fff4,fff5,ff72,fc5d,ee3d,3750,
00000000000000000000000000000002,7fc1,7fc1,ffc7,ffcf,ffde,fff1,fff6,ff7b,fc74,ee70,378e,
00000000000000000000000000000002,7fb4,7fb4,ffc1,ffca,ffd9,ffee,fff7,ff84,fc8b,eea3,37bf,
00000000000000000000000000000002,7fb4,7fb4,ffba,ffc4,ffd4,ffeb,fff8,ff8c,fca2,eed6,37df,
00000000000000000000000000000002,7fa6,7fa6,ffb4,ffbd,ffcf,ffe8,fff9,ff93,fcb9,ef07,37e8,
00000000000000000000000000000002,7fa6,7fa6,ffad,ffb7,ffc9,ffe5,fff9,ff9a,fcd0,ef38,37d3,
00000000000000000000000000000002,7f97,7f97,ffa6,ffb0,ffc3,ffe1,fff8,ffa1,fce5,ef69,379a,
00000000000000000000000000000002,7f97,7f97,ff9e,ffa9,ffbd,ffdc,fff7,ffa8,fcfa,ef9a,3734,
00000000000000000000000000000002,7f86,7f86,ff97,ffa2,ffb6,ffd7,fff6,ffaf,fd0f,efcb,3696,
00000000000000000000000000000002,7f86,7f86,ff8e,ff9a,ffaf,ffd2,fff5,ffb6,fd24,effc,35b6,
00000000000000000000000000000002,7f74,7f74,ff86,ff92,ffa8,ffcd,fff4,ffbc,fd39,f02d,3488,
00000000000000000000000000000002,7f74,7f74,ff7d,ff8a,ffa1,ffc8,fff3,ffc1,fd4e,f05c,3302,
00000000000000000000000000000002,7f61,7f61,ff74,ff81,ff9a,ffc2,fff0,ffc6,fd61,f08b,3118,
00000000000000000000000000000002,7f61,7f61,ff6a,ff78,ff92,ffbb,ffed,ffcb,fd74,f0ba,2ec0,
00000000000000000000000000000002,7f4d,7f4d,ff61,ff6f,ff89,ffb4,ffea,ffd0,fd87,f0e9,2bf2,
00000000000000000000000000000002,7f4d,7f4d,ff57,ff65,ff80,ffad,ffe7,ffd5,fd9a,f118,28aa,
00000000000000000000000000000002,7f37,7f37,ff4d,ff5c,ff77,ffa6,ffe4,ffd9,fdad,f147,24e5,
00000000000000000000000000000002,7f37,7f37,ff42,ff52,ff6e,ff9f,ffe1,ffdc,fdc0,f176,20a6,
00000000000000000000000000000002,7f21,7f21,ff37,ff47,ff65,ff98,ffdd,ffdf,fdd3,f1a4,1bf3,
00000000000000000000000000000002,7f21,7f21,ff2c,ff3c,ff5b,ff90,ffd8,ffe2,fde4,f1d1,16d7,
00000000000000000000000000000002,7f09,7f09,ff21,ff31,ff51,ff87,ffd3,ffe5,fdf5,f1fe,1160,
00000000000000000000000000000002,7f09,7f09,ff15,ff26,ff46,ff7e,ffce,ffe8,fe06,f22b,0ba2,
00000000000000000000000000000002,7eef,7eef,ff09,ff1b,ff3b,ff75,ffc9,ffeb,fe17,f258,05b2,
00000000000000000000000000000002,7eef,7eef,fefc,ff0f,ff30,ff6c,ffc4,ffec,fe28,f285,ffa9,
00000000000000000000000000000002,7ed5,7ed5,feef,ff02,ff25,ff63,ffbe,ffed,fe39,f2b2,f99f,
00000000000000000000000000000002,7ed5,7ed5,fee2,fef5,ff1a,ff5a,ffb7,ffee,fe48,f2df,f3ae,
00000000000000000000000000000002,7eb9,7eb9,fed5,fee8,ff0e,ff4f,ffb0,ffef,fe57,f30a,edef,
00000000000000000000000000000002,7eb9,7eb9,fec7,fedb,ff01,ff44,ffa9,fff0,fe66,f335,e877,
00000000000000000000000000000002,7e9c,7e9c,feb9,fece,fef4,ff39,ffa2,fff1,fe75,f360,e35a,
00000000000000000000000000000002,7e9c,7e9c,feaa,fec0,fee7,ff2e,ff9b,fff1,fe84,f38b,dea5,
00000000000000000000000000000002,7e7e,7e7e,fe9c,feb1,feda,ff23,ff94,fff0,fe93,f3b6,da63,
00000000000000000000000000000002,7e7e,7e7e,fe8d,fea3,fecd,ff18,ff8c,ffef,fea2,f3e1,d69c,
00000000000000000000000000000002,7e5f,7e5f,fe7e,fe94,febf,ff0c,ff83,ffee,feaf,f40c,d350,
00000000000000000000000000000002,7e5f,7e5f,fe6e,fe85,feb1,feff,ff7a,ffed,febc,f435,d07e,
00000000000000000000000000000002,7e3e,7e3e,fe5f,fe76,fea2,fef2,ff71,ffec,fec9,f45e,ce21,
00000000000000000000000000000002,7e3e,7e3e,fe4e,fe66,fe93,fee5,ff68,ffeb,fed6,f487,cc31,
00000000000000000000000000000002,7e1d,7e1d,fe3e,fe56,fe84,fed8,ff5f,ffe8,fee3,f4b0,caa5,
00000000000000000000000000000002,7e1d,7e1d,fe2d,fe46,fe75,fecb,ff56,ffe5,fef0,f4d9,c972,
00000000000000000000000000000002,7dfa,7dfa,fe1d,fe35,fe66,febe,ff4b,ffe2,fefc,f502,c88c,
00000000000000000000000000000002,7dfa,7dfa,fe0b,fe25,fe56,feaf,ff40,ffdf,ff07,f52b,c7e8,
00000000000000000000000000000002,7dd5,7dd5,fdfa,fe14,fe45,fea0,ff35,ffdc,ff12,f552,c77b,
00000000000000000000000000000002,7dd5,7dd5,fde7,fe02,fe35,fe91,ff2a,ffd9,ff1d,f579,c73b,
00000000000000000000000000000002,7db0,7db0,fdd5,fdf0,fe24,fe82,ff1f,ffd5,ff28,f5a0,c71f,
00000000000000000000000000000002,7db0,7db0,fdc2,fdde,fe13,fe73,ff14,ffd0,ff33,f5c7,c71f,
00000000000000000000000000000002,7d89,7d89,fdb0,fdcb,fe02,fe64,ff08,ffcb,ff3e,f5ee,c736,
00000000000000000000000000000002,7d89,7d89,fd9c,fdb9,fdf0,fe55,fefb,ffc6,ff47,f615,c75d,
00000000000000000000000000000002,7d62,7d62,fd89,fda6,fddd,fe44,feee,ffc1,ff50,f63c,c791,
00000000000000000000000000000002,7d62,7d62,fd75,fd92,fdcb,fe33,fee1,ffbc,ff59,f661,c7ce,
00000000000000000000000000000002,7d39,7d39,fd62,fd7f,fdb8,fe22,fed4,ffb6,ff62,f686,c812,
00000000000000000000000000000002,7d39,7d39,fd4d,fd6b,fda5,fe11,fec7,ffaf,ff6b,f6ab,c85a,
00000000000000000000000000000002,7d0e,7d0e,fd39,fd57,fd92,fe00,feba,ffa8,ff74,f6d0,c8a7,
00000000000000000000000000000002,7d0e,7d0e,fd23,fd43,fd7e,fdef,feab,ffa1,ff7c,f6f5,c8f5,
00000000000000000000000000000002,7ce3,7ce3,fd0e,fd2e,fd6b,fddc,fe9c,ff9a,ff83,f71a,c943,
00000000000000000000000000000002,7ce3,7ce3,fcf8,fd18,fd57,fdc9,fe8d,ff93,ff8a,f73f,c991,
00000000000000000000000000000002,7cb6,7cb6,fce3,fd03,fd42,fdb6,fe7e,ff8c,ff91,f763,c9df,
00000000000000000000000000000002,7cb6,7cb6,fccc,fced,fd2d,fda3,fe6f,ff84,ff98,f786,ca2d,
00000000000000000000000000000002,7c88,7c88,fcb6,fcd7,fd18,fd90,fe60,ff7b,ff9f,f7a9,ca7b,
00000000000000000000000000000002,7c88,7c88,fc9f,fcc1,fd02,fd7d,fe51,ff72,ffa6,f7cc,cac9,
00000000000000000000000000000002,7c59,7c59,fc88,fcaa,fced,fd6a,fe40,ff69,ffac,f7ef,cb17,
00000000000000000000000000000002,7c59,7c59,fc70,fc93,fcd7,fd55,fe2f,ff60,ffb1,f812,cb65,
00000000000000000000000000000002,7c29,7c29,fc59,fc7c,fcc0,fd40,fe1e,ff57,ffb6,f835,cbb3,
00000000000000000000000000000002,7c29,7c29,fc41,fc64,fca9,fd2b,fe0d,ff4e,ffbb,f856,cc01,
00000000000000000000000000000002,7bf8,7bf8,fc29,fc4d,fc92,fd16,fdfc,ff43,ffc0,f877,cc4f,
00000000000000000000000000000002,7bf8,7bf8,fc10,fc35,fc7b,fd01,fdeb,ff38,ffc5,f898,cc9d,
00000000000000000000000000000002,7bc5,7bc5,fbf8,fc1c,fc64,fcec,fdd8,ff2d,ffc9,f8b9,cceb,
00000000000000000000000000000002,7bc5,7bc5,fbde,fc04,fc4c,fcd5,fdc5,ff22,ffcc,f8da,cd39,
00000000000000000000000000000002,7b91,7b91,fbc5,fbeb,fc34,fcbe,fdb2,ff17,ffcf,f8fb,cd87,
00000000000000000000000000000002,7b91,7b91,fbab,fbd1,fc1c,fca7,fd9f,ff0c,ffd2,f91c,cdd5,
00000000000000000000000000000002,7b5c,7b5c,fb91,fbb8,fc03,fc90,fd8c,ff00,ffd5,f93b,ce23,
00000000000000000000000000000002,7b5c,7b5c,fb76,fb9e,fbea,fc79,fd79,fef3,ffd8,f95a,ce71,
00000000000000000000000000000002,7b26,7b26,fb5c,fb83,fbd1,fc62,fd66,fee6,ffdb,f979,cebf,
00000000000000000000000000000002,7b26,7b26,fb41,fb69,fbb7,fc4b,fd51,fed9,ffdc,f998,cf0d,
00000000000000000000000000000002,7aee,7aee,fb26,fb4e,fb9d,fc33,fd3c,fecc,ffdd,f9b7,cf5a,
00000000000000000000000000000002,7aee,7aee,fb0a,fb33,fb83,fc1a,fd27,febf,ffde,f9d6,cfa7,
00000000000000000000000000000002,7ab6,7ab6,faee,fb18,fb68,fc01,fd12,feb2,ffdf,f9f4,cff4,
00000000000000000000000000000002,7ab6,7ab6,fad2,fafc,fb4d,fbe8,fcfd,fea3,ffe0,fa11,d041,
00000000000000000000000000000002,7a7c,7a7c,fab6,fae0,fb32,fbcf,fce8,fe94,ffe1,fa2e,d08e,
00000000000000000000000000000002,7a7c,7a7c,fa99,fac4,fb17,fbb6,fcd1,fe85,ffe1,fa4b,d0db,
00000000000000000000000000000002,7a41,7a41,fa7c,faa7,fafc,fb9c,fcba,fe76,ffe0,fa68,d128,
00000000000000000000000000000002,7a41,7a41,fa5e,fa8a,fae0,fb81,fca3,fe67,ffdf,fa85,d175,
00000000000000000000000000000002,7a05,7a05,fa41,fa6d,fac3,fb66,fc8c,fe58,ffde,faa2,d1c2,
00000000000000000000000000000002,7a05,7a05,fa23,fa4f,faa6,fb4b,fc75,fe49,ffdd,fabe,d20f,
00000000000000000000000000000002,79c8,79c8,fa05,fa32,fa89,fb30,fc5e,fe38,ffdc,fad9,d25c,
00000000000000000000000000000002,79c8,79c8,f9e6,fa14,fa6c,fb15,fc47,fe27,ffdb,faf4,d2a9,
00000000000000000000000000000002,7989,7989,f9c8,f9f5,fa4f,fafa,fc2f,fe16,ffd8,fb0f,d2f6,
00000000000000000000000000000002,7989,7989,f9a8,f9d7,fa31,fade,fc16,fe05,ffd5,fb2a,d343,
00000000000000000000000000000002,794a,794a,f989,f9b8,fa13,fac1,fbfd,fdf4,ffd2,fb45,d38f,
00000000000000000000000000000002,794a,794a,f969,f998,f9f5,faa4,fbe4,fde3,ffcf,fb60,d3da,
00000000000000000000000000000002,7909,7909,f94a,f979,f9d6,fa87,fbcb,fdd0,ffcc,fb7a,d425,
00000000000000000000000000000002,7909,7909,f929,f959,f9b7,fa6a,fbb2,fdbd,ffc9,fb93,d470,
00000000000000000000000000000002,78c7,78c7,f909,f939,f998,fa4d,fb98,fdaa,ffc5,fbac,d4bb,
00000000000000000000000000000002,78c7,78c7,f8e8,f919,f978,fa30,fb7d,fd97,ffc0,fbc5,d506,
00000000000000000000000000000002,7884,7884,f8c7,f8f8,f959,fa12,fb62,fd84,ffbb,fbde,d551,
00000000000000000000000000000002,7884,7884,f8a5,f8d7,f939,f9f3,fb47,fd71,ffb6,fbf7,d59c,
00000000000000000000000000000002,783f,783f,f884,f8b6,f918,f9d4,fb2c,fd5e,ffb1,fc0f,d5e7,
00000000000000000000000000000002,783f,783f,f861,f894,f8f7,f9b5,fb11,fd49,ffac,fc26,d631,
00000000000000000000000000000002,77fa,77fa,f83f,f872,f8d6,f996,faf6,fd34,ffa6,fc3d,d67a,
00000000000000000000000000000002,77fa,77fa,f81c,f850,f8b5,f977,fada,fd1f,ff9f,fc54,d6c3,
00000000000000000000000000000002,77b3,77b3,f7fa,f82d,f894,f958,fabd,fd0a,ff98,fc6b,d70c,
00000000000000000000000000000002,77b3,77b3,f7d6,f80b,f872,f937,faa0,fcf5,ff91,fc82,d755,
00000000000000000000000000000002,776b,776b,f7b3,f7e8,f84f,f916,fa83,fce0,ff8a,fc99,d79e,
00000000000000000000000000000002,776b,776b,f78f,f7c4,f82d,f8f5,fa66,fcc9,ff83,fcb0,d7e7,
00000000000000000000000000000002,7722,7722,f76b,f7a1,f80a,f8d4,fa49,fcb2,ff7c,fcc5,d830,
00000000000000000000000000000002,7722,7722,f746,f77d,f7e7,f8b3,fa2c,fc9b,ff74,fcda,d879,
00000000000000000000000000000002,76d8,76d8,f722,f758,f7c4,f892,fa0e,fc84,ff6b,fcef,d8c2,
00000000000000000000000000000002,76d8,76d8,f6fd,f734,f7a0,f871,f9ef,fc6d,ff62,fd04,d90a,
00000000000000000000000000000002,768d,768d,f6d8,f70f,f77c,f84e,f9d0,fc56,ff59,fd19,d951,
00000000000000000000000000000002,768d,768d,f6b2,f6ea,f758,f82b,f9b1,fc3f,ff50,fd2e,d998,
00000000000000000000000000000002,7641,7641,f68d,f6c5,f733,f808,f992,fc27,ff47,fd41,d9df,
00000000000000000000000000000002,7641,7641,f667,f69f,f70e,f7e5,f973,fc0e,ff3e,fd54,da26,
00000000000000000000000000000002,75f3,75f3,f641,f67a,f6e9,f7c2,f954,fbf5,ff33,fd67,da6d,
00000000000000000000000000000002,75f3,75f3,f61a,f654,f6c4,f79f,f933,fbdc,ff28,fd7a,dab4,
00000000000000000000000000000002,75a5,75a5,f5f3,f62d,f69f,f77b,f912,fbc3,ff1d,fd8d,dafb,
00000000000000000000000000000002,75a5,75a5,f5cc,f606,f679,f756,f8f1,fbaa,ff12,fda0,db42,
00000000000000000000000000000002,7555,7555,f5a5,f5df,f653,f731,f8d0,fb90,ff07,fdb3,db88,
00000000000000000000000000000002,7555,7555,f57d,f5b8,f62c,f70c,f8af,fb75,fefc,fdc4,dbcd,
00000000000000000000000000000002,7504,7504,f555,f591,f605,f6e7,f88e,fb5a,fef0,fdd5,dc12,
00000000000000000000000000000002,7504,7504,f52c,f569,f5de,f6c2,f86d,fb3f,fee3,fde6,dc57,
00000000000000000000000000000002,74b2,74b2,f504,f540,f5b7,f69d,f84a,fb24,fed6,fdf7,dc9c,
00000000000000000000000000000002,74b2,74b2,f4db,f518,f590,f678,f827,fb09,fec9,fe08,dce1,
00000000000000000000000000000002,745f,745f,f4b2,f4ef,f568,f651,f804,faee,febc,fe19,dd26,
00000000000000000000000000000002,745f,745f,f488,f4c6,f540,f62a,f7e1,fad2,feaf,fe28,dd6b,
00000000000000000000000000000002,740a,740a,f45f,f49d,f517,f603,f7be,fab5,fea2,fe37,ddb0,
00000000000000000000000000000002,740a,740a,f434,f473,f4ee,f5dc,f79b,fa98,fe93,fe46,ddf3,
00000000000000000000000000000002,73b5,73b5,f40a,f449,f4c5,f5b5,f777,fa7b,fe84,fe55,de36,
00000000000000000000000000000002,73b5,73b5,f3df,f41f,f49c,f58e,f752,fa5e,fe75,fe64,de79,
00000000000000000000000000000002,735e,735e,f3b5,f3f4,f473,f567,f72d,fa41,fe66,fe73,debc,
00000000000000000000000000000002,735e,735e,f389,f3ca,f449,f53e,f708,fa24,fe57,fe82,deff,
00000000000000000000000000000002,7307,7307,f35e,f39f,f41e,f515,f6e3,fa06,fe48,fe8f,df42,
00000000000000000000000000000002,7307,7307,f332,f373,f3f4,f4ec,f6be,f9e7,fe39,fe9c,df85,
00000000000000000000000000000002,72ae,72ae,f307,f348,f3c9,f4c3,f699,f9c8,fe28,fea9,dfc8,
00000000000000000000000000000002,72ae,72ae,f2da,f31c,f39e,f49a,f674,f9a9,fe17,feb6,e00b,
00000000000000000000000000000002,7254,7254,f2ae,f2f0,f373,f471,f64d,f98a,fe06,fec3,e04c,
00000000000000000000000000000002,7254,7254,f281,f2c4,f347,f448,f626,f96b,fdf5,fed0,e08d,
00000000000000000000000000000002,71f9,71f9,f254,f297,f31c,f41d,f5ff,f94c,fde4,fedc,e0ce,
00000000000000000000000000000002,71f9,71f9,f226,f26a,f2f0,f3f2,f5d8,f92b,fdd3,fee7,e10f,
00000000000000000000000000000002,719d,719d,f1f9,f23d,f2c3,f3c7,f5b1,f90a,fdc0,fef2,e150,
00000000000000000000000000000002,719d,719d,f1cb,f20f,f296,f39c,f58a,f8e9,fdad,fefd,e191,
00000000000000000000000000000002,7140,7140,f19d,f1e2,f269,f371,f563,f8c8,fd9a,ff08,e1d2,
00000000000000000000000000000002,7140,7140,f16e,f1b4,f23c,f346,f53a,f8a7,fd87,ff13,e213,
00000000000000000000000000000002,70e2,70e2,f140,f185,f20f,f31b,f511,f886,fd74,ff1e,e253,
00000000000000000000000000000002,70e2,70e2,f111,f157,f1e1,f2ee,f4e8,f865,fd61,ff27,e292,
00000000000000000000000000000002,7083,7083,f0e2,f128,f1b3,f2c1,f4bf,f842,fd4e,ff30,e2d1,
00000000000000000000000000000002,7083,7083,f0b2,f0f9,f185,f294,f496,f81f,fd39,ff39,e310,
00000000000000000000000000000002,7022,7022,f083,f0ca,f156,f267,f46d,f7fc,fd24,ff42,e34f,
00000000000000000000000000000002,7022,7022,f052,f09a,f127,f23a,f444,f7d9,fd0f,ff4b,e38e,
00000000000000000000000000000002,6fc1,6fc1,f022,f06a,f0f8,f20d,f419,f7b6,fcfa,ff54,e3cd,
00000000000000000000000000000002,6fc1,6fc1,eff1,f03a,f0c9,f1e0,f3ee,f793,fce5,ff5c,e40c,
00000000000000000000000000000002,6f5e,6f5e,efc1,f009,f09a,f1b2,f3c3,f76f,fcd0,ff63,e44b,
00000000000000000000000000000002,6f5e,6f5e,ef8f,efd9,f06a,f183,f398,f74a,fcb9,ff6a,e488,
00000000000000000000000000000002,6efb,6efb,ef5e,efa8,f039,f154,f36d,f725,fca2,ff71,e4c5,
00000000000000000000000000000002,6efb,6efb,ef2c,ef76,f009,f125,f342,f700,fc8b,ff78,e502,
00000000000000000000000000000002,6e96,6e96,eefb,ef45,efd8,f0f6,f317,f6db,fc74,ff7f,e53f,
00000000000000000000000000000002,6e96,6e96,eec8,ef13,efa7,f0c7,f2ea,f6b6,fc5d,ff86,e57c,
00000000000000000000000000000002,6e30,6e30,ee96,eee1,ef76,f098,f2bd,f691,fc46,ff8c,e5b9,
00000000000000000000000000000002,6e30,6e30,ee63,eeaf,ef44,f069,f290,f66c,fc2f,ff91,e5f6,
00000000000000000000000000000002,6dc9,6dc9,ee30,ee7c,ef13,f038,f263,f645,fc17,ff96,e633,
00000000000000000000000000000002,6dc9,6dc9,edfc,ee49,eee1,f007,f236,f61e,fbfe,ff9b,e66e,
00000000000000000000000000000002,6d61,6d61,edc9,ee16,eeae,efd6,f209,f5f7,fbe5,ffa0,e6a9,
00000000000000000000000000000002,6d61,6d61,ed95,ede2,ee7b,efa5,f1dc,f5d0,fbcc,ffa5,e6e4,
00000000000000000000000000000002,6cf8,6cf8,ed61,edaf,ee48,ef74,f1ae,f5a9,fbb3,ffa9,e71f,
00000000000000000000000000000002,6cf8,6cf8,ed2c,ed7b,ee15,ef43,f17f,f582,fb9a,ffac,e75a,
00000000000000000000000000000002,6c8e,6c8e,ecf8,ed46,ede2,ef12,f150,f55b,fb80,ffaf,e795,
00000000000000000000000000000002,6c8e,6c8e,ecc3,ed12,edae,eedf,f121,f532,fb65,ffb2,e7d0,
00000000000000000000000000000002,6c23,6c23,ec8e,ecdd,ed7a,eeac,f0f2,f509,fb4a,ffb5,e80b,
00000000000000000000000000000002,6c23,6c23,ec58,eca8,ed46,ee79,f0c3,f4e0,fb2f,ffb8,e844,
00000000000000000000000000000002,6bb7,6bb7,ec23,ec73,ed11,ee46,f094,f4b7,fb14,ffbb,e87d,
00000000000000000000000000000002,6bb7,6bb7,ebed,ec3d,ecdc,ee13,f065,f48e,faf9,ffbc,e8b6,
00000000000000000000000000000002,6b4a,6b4a,ebb7,ec08,eca7,ede0,f034,f465,fade,ffbd,e8ef,
00000000000000000000000000000002,6b4a,6b4a,eb80,ebd2,ec72,edad,f003,f43c,fac2,ffbe,e928,
00000000000000000000000000000002,6adc,6adc,eb4a,eb9b,ec3d,ed79,efd2,f411,faa5,ffbf,e961,
00000000000000000000000000000002,6adc,6adc,eb13,eb65,ec07,ed44,efa1,f3e6,fa88,ffc0,e99a,
00000000000000000000000000000002,6a6d,6a6d,eadc,eb2e,ebd1,ed0f,ef70,f3bb,fa6b,ffc1,e9d3,
00000000000000000000000000000002,6a6d,6a6d,eaa4,eaf7,eb9b,ecda,ef3f,f390,fa4e,ffc1,ea0a,
00000000000000000000000000000002,69fd,69fd,ea6d,eac0,eb64,eca5,ef0e,f365,fa31,ffc0,ea41,
00000000000000000000000000000002,69fd,69fd,ea35,ea88,eb2d,ec70,eedb,f33a,fa14,ffbf,ea78,
00000000000000000000000000000002,698b,698b,e9fd,ea51,eaf6,ec3b,eea8,f30f,f9f6,ffbe,eaaf,
00000000000000000000000000000002,698b,698b,e9c4,ea19,eabf,ec06,ee75,f2e2,f9d7,ffbd,eae6,
00000000000000000000000000000002,6919,6919,e98b,e9e0,ea88,ebd0,ee42,f2b5,f9b8,ffbc,eb1d,
00000000000000000000000000000002,6919,6919,e952,e9a7,ea50,eb99,ee0f,f288,f999,ffbb,eb54,
00000000000000000000000000000002,68a6,68a6,e919,e96e,ea18,eb62,eddc,f25b,f97a,ffb8,eb8a,
00000000000000000000000000000002,68a6,68a6,e8df,e935,e9df,eb2b,eda9,f22e,f95b,ffb5,ebbf,
00000000000000000000000000000002,6832,6832,e8a6,e8fc,e9a6,eaf4,ed75,f201,f93c,ffb2,ebf4,
00000000000000000000000000000002,6832,6832,e86c,e8c2,e96d,eabd,ed40,f1d4,f91b,ffaf,ec29,
00000000000000000000000000000002,67bc,67bc,e832,e889,e934,ea86,ed0b,f1a6,f8fa,ffac,ec5e,
00000000000000000000000000000002,67bc,67bc,e7f7,e84f,e8fb,ea4f,ecd6,f177,f8d9,ffa9,ec93,
00000000000000000000000000000002,6746,6746,e7bc,e814,e8c2,ea16,eca1,f148,f8b8,ffa5,ecc8,
00000000000000000000000000000002,6746,6746,e781,e7d9,e888,e9dd,ec6c,f119,f897,ffa0,ecfd,
00000000000000000000000000000002,66cf,66cf,e746,e79e,e84e,e9a4,ec37,f0ea,f876,ff9b,ed31,
00000000000000000000000000000002,66cf,66cf,e70a,e763,e813,e96b,ec02,f0bb,f855,ff96,ed64,
00000000000000000000000000000002,6656,6656,e6cf,e728,e7d8,e932,ebcc,f08c,f832,ff91,ed97,
00000000000000000000000000000002,6656,6656,e692,e6ec,e79d,e8f9,eb95,f05d,f80f,ff8c,edca,
00000000000000000000000000000002,65dd,65dd,e656,e6b0,e762,e8c0,eb5e,f02c,f7ec,ff86,edfd,
00000000000000000000000000000002,65dd,65dd,e619,e674,e727,e887,eb27,effb,f7c9,ff7f,ee30,
00000000000000000000000000000002,6563,6563,e5dd,e637,e6ec,e84c,eaf0,efca,f7a6,ff78,ee63,
00000000000000000000000000000002,6563,6563,e5a0,e5fb,e6b0,e811,eab9,ef99,f783,ff71,ee96,
00000000000000000000000000000002,64e8,64e8,e563,e5be,e673,e7d6,ea82,ef68,f75f,ff6a,eec7,
00000000000000000000000000000002,64e8,64e8,e525,e581,e637,e79b,ea4b,ef37,f73a,ff63,eef8,
00000000000000000000000000000002,646c,646c,e4e8,e544,e5fa,e760,ea12,ef06,f715,ff5c,ef29,
00000000000000000000000000000002,646c,646c,e4aa,e506,e5bd,e725,e9d9,eed3,f6f0,ff54,ef5a,
00000000000000000000000000000002,63ee,63ee,e46c,e4c9,e580,e6ea,e9a0,eea0,f6cb,ff4b,ef8b,
00000000000000000000000000000002,63ee,63ee,e42d,e48b,e543,e6af,e967,ee6d,f6a6,ff42,efbc,
00000000000000000000000000000002,6370,6370,e3ee,e44c,e506,e672,e92e,ee3a,f681,ff39,efed,
00000000000000000000000000000002,6370,6370,e3af,e40d,e4c8,e635,e8f5,ee07,f65c,ff30,f01c,
00000000000000000000000000000002,62f1,62f1,e370,e3ce,e48a,e5f8,e8bc,edd4,f635,ff27,f04b,
00000000000000000000000000000002,62f1,62f1,e330,e38f,e44b,e5bb,e883,eda1,f60e,ff1e,f07a,
00000000000000000000000000000002,6271,6271,e2f1,e350,e40c,e57e,e848,ed6d,f5e7,ff13,f0a9,
00000000000000000000000000000002,6271,6271,e2b1,e310,e3cd,e541,e80d,ed38,f5c0,ff08,f0d8,
00000000000000000000000000000002,61f0,61f0,e271,e2d1,e38e,e504,e7d2,ed03,f599,fefd,f107,
00000000000000000000000000000002,61f0,61f0,e230,e291,e34f,e4c7,e797,ecce,f572,fef2,f136,
00000000000000000000000000000002,616e,616e,e1f0,e250,e310,e488,e75c,ec99,f54b,fee7,f164,
00000000000000000000000000000002,616e,616e,e1af,e210,e2d0,e449,e721,ec64,f522,fedc,f191,
00000000000000000000000000000002,60eb,60eb,e16e,e1cf,e290,e40a,e6e6,ec2f,f4f9,fed0,f1be,
00000000000000000000000000000002,60eb,60eb,e12c,e18e,e250,e3cb,e6ab,ebfa,f4d0,fec3,f1eb,
00000000000000000000000000000002,6068,6068,e0eb,e14d,e20f,e38c,e66e,ebc4,f4a7,feb6,f218,
00000000000000000000000000000002,6068,6068,e0a9,e10b,e1ce,e34d,e631,eb8d,f47e,fea9,f245,
00000000000000000000000000000002,5fe3,5fe3,e068,e0ca,e18d,e30e,e5f4,eb56,f455,fe9c,f272,
00000000000000000000000000000002,5fe3,5fe3,e025,e088,e14c,e2cf,e5b7,eb1f,f42c,fe8f,f29f,
00000000000000000000000000000002,5f5d,5f5d,dfe3,e046,e10b,e28f,e57a,eae8,f401,fe82,f2ca,
00000000000000000000000000000002,5f5d,5f5d,dfa0,e004,e0c9,e24e,e53d,eab1,f3d6,fe73,f2f5,
00000000000000000000000000000002,5ed7,5ed7,df5d,dfc1,e088,e20d,e500,ea7a,f3ab,fe64,f320,
00000000000000000000000000000002,5ed7,5ed7,df1a,df7e,e046,e1cc,e4c3,ea43,f380,fe55,f34b,
00000000000000000000000000000002,5e4f,5e4f,ded7,df3b,e003,e18b,e484,ea0a,f355,fe46,f376,
00000000000000000000000000000002,5e4f,5e4f,de93,def8,dfc0,e14a,e445,e9d1,f32a,fe37,f3a1,
00000000000000000000000000000002,5dc7,5dc7,de4f,deb5,df7d,e109,e406,e998,f2ff,fe28,f3cc,
00000000000000000000000000000002,5dc7,5dc7,de0b,de71,df3a,e0c8,e3c7,e95f,f2d2,fe19,f3f5,
00000000000000000000000000000002,5d3e,5d3e,ddc7,de2d,def7,e087,e388,e926,f2a5,fe08,f41e,
00000000000000000000000000000002,5d3e,5d3e,dd82,dde9,deb4,e044,e349,e8ed,f278,fdf7,f447,
00000000000000000000000000000002,5cb3,5cb3,dd3e,dda4,de71,e001,e30a,e8b4,f24b,fde6,f470,
00000000000000000000000000000002,5cb3,5cb3,dcf8,dd60,de2d,dfbe,e2cb,e87b,f21e,fdd5,f499,
00000000000000000000000000000002,5c28,5c28,dcb3,dd1b,dde8,df7b,e28b,e840,f1f1,fdc4,f4c2,
00000000000000000000000000000002,5c28,5c28,dc6d,dcd5,dda4,df38,e24a,e805,f1c4,fdb3,f4eb,
00000000000000000000000000000002,5b9c,5b9c,dc28,dc90,dd5f,def5,e209,e7ca,f196,fda0,f512,
00000000000000000000000000000002,5b9c,5b9c,dbe2,dc4a,dd1a,deb2,e1c8,e78f,f167,fd8d,f539,
00000000000000000000000000000002,5b0f,5b0f,db9c,dc05,dcd5,de6f,e187,e754,f138,fd7a,f560,
00000000000000000000000000000002,5b0f,5b0f,db55,dbbf,dc8f,de2c,e146,e719,f109,fd67,f587,
00000000000000000000000000000002,5a82,5a82,db0f,db78,dc4a,dde7,e105,e6de,f0da,fd54,f5ae,
00000000000000000000000000000002,5a82,5a82,dac8,db32,dc04,dda2,e0c4,e6a3,f0ab,fd41,f5d5,
00000000000000000000000000000002,59f3,59f3,da82,daeb,dbbe,dd5d,e083,e666,f07c,fd2e,f5fc,
00000000000000000000000000000002,59f3,59f3,da3a,daa5,db78,dd18,e040,e629,f04d,fd19,f621,
00000000000000000000000000000002,5964,5964,d9f3,da5e,db31,dcd3,dffd,e5ec,f01c,fd04,f646,
00000000000000000000000000000002,5964,5964,d9ab,da16,daeb,dc8e,dfba,e5af,efeb,fcef,f66b,
00000000000000000000000000000002,58d3,58d3,d964,d9cf,daa4,dc49,df77,e572,efba,fcda,f690,
00000000000000000000000000000002,58d3,58d3,d91b,d987,da5d,dc03,df34,e535,ef89,fcc5,f6b5,
00000000000000000000000000000002,5842,5842,d8d3,d93f,da16,dbbd,def1,e4f8,ef58,fcb0,f6da,
00000000000000000000000000000002,5842,5842,d88a,d8f7,d9ce,db77,deae,e4bb,ef27,fc99,f6ff,
00000000000000000000000000000002,57b0,57b0,d842,d8ae,d987,db30,de6b,e47c,eef6,fc82,f723,
00000000000000000000000000000002,57b0,57b0,d7f9,d866,d93f,dae9,de28,e43d,eec3,fc6b,f746,
00000000000000000000000000000002,571d,571d,d7b0,d81d,d8f6,daa2,dde3,e3fe,ee90,fc54,f769,
00000000000000000000000000000002,571d,571d,d766,d7d4,d8ae,da5b,dd9e,e3bf,ee5d,fc3d,f78c,
00000000000000000000000000000002,568a,568a,d71d,d78b,d865,da14,dd59,e380,ee2a,fc26,f7af,
00000000000000000000000000000002,568a,568a,d6d3,d741,d81c,d9cd,dd14,e341,edf7,fc0f,f7d2,
00000000000000000000000000000002,55f5,55f5,d68a,d6f8,d7d3,d986,dccf,e302,edc4,fbf7,f7f5,
00000000000000000000000000000002,55f5,55f5,d63f,d6ae,d78a,d93e,dc8a,e2c3,ed91,fbde,f816,
00000000000000000000000000000002,5560,5560,d5f5,d664,d741,d8f5,dc45,e283,ed5d,fbc5,f837,
00000000000000000000000000000002,5560,5560,d5aa,d61a,d6f7,d8ac,dc00,e242,ed28,fbac,f858,
00000000000000000000000000000002,54c9,54c9,d560,d5cf,d6ae,d863,dbba,e201,ecf3,fb93,f879,
00000000000000000000000000000002,54c9,54c9,d514,d585,d664,d81a,db73,e1c0,ecbe,fb7a,f89a,
00000000000000000000000000000002,5432,5432,d4c9,d53a,d619,d7d1,db2c,e17f,ec89,fb60,f8bb,
00000000000000000000000000000002,5432,5432,d47d,d4ee,d5cf,d788,dae5,e13e,ec54,fb45,f8dc,
00000000000000000000000000000002,539b,539b,d432,d4a3,d584,d73f,da9e,e0fd,ec1f,fb2a,f8fb,
00000000000000000000000000000002,539b,539b,d3e6,d457,d539,d6f6,da57,e0bc,ebea,fb0f,f91a,
00000000000000000000000000000002,5302,5302,d39b,d40c,d4ee,d6ad,da10,e07b,ebb4,faf4,f939,
00000000000000000000000000000002,5302,5302,d34e,d3c0,d4a2,d663,d9c9,e038,eb7d,fad9,f958,
00000000000000000000000000000002,5268,5268,d302,d374,d457,d618,d982,dff5,eb46,fabe,f977,
00000000000000000000000000000002,5268,5268,d2b5,d328,d40b,d5cd,d93a,dfb2,eb0f,faa2,f996,
00000000000000000000000000000002,51ce,51ce,d268,d2db,d3c0,d582,d8f1,df6f,ead8,fa85,f9b4,
00000000000000000000000000000002,51ce,51ce,d21b,d28e,d374,d537,d8a8,df2c,eaa1,fa68,f9d1,
00000000000000000000000000000002,5133,5133,d1ce,d241,d327,d4ec,d85f,dee9,ea6a,fa4b,f9ee,
00000000000000000000000000000002,5133,5133,d180,d1f4,d2da,d4a1,d816,dea6,ea33,fa2e,fa0b,
00000000000000000000000000000002,5097,5097,d133,d1a7,d28d,d456,d7cd,de63,e9fa,fa11,fa28,
00000000000000000000000000000002,5097,5097,d0e5,d159,d240,d40a,d784,de20,e9c1,f9f4,fa45,
00000000000000000000000000000002,4ffb,4ffb,d097,d10c,d1f3,d3bf,d73b,dddb,e988,f9d6,fa62,
00000000000000000000000000000002,4ffb,4ffb,d049,d0be,d1a6,d372,d6f2,dd96,e94f,f9b7,fa7e,
00000000000000000000000000000002,4f5d,4f5d,cffb,d070,d159,d325,d6a9,dd51,e916,f998,fa99,
00000000000000000000000000000002,4f5d,4f5d,cfac,d022,d10b,d2d8,d65f,dd0c,e8dd,f979,fab4,
00000000000000000000000000000002,4ebf,4ebf,cf5d,cfd3,d0be,d28b,d614,dcc7,e8a4,f95a,facf,
00000000000000000000000000000002,4ebf,4ebf,cf0e,cf84,d070,d23e,d5c9,dc82,e86b,f93b,faea,
00000000000000000000000000000002,4e20,4e20,cebf,cf35,d021,d1f1,d57e,dc3d,e830,f91c,fb05,
00000000000000000000000000000002,4e20,4e20,ce6f,cee6,cfd2,d1a4,d533,dbf8,e7f5,f8fb,fb20,
00000000000000000000000000000002,4d81,4d81,ce20,ce97,cf83,d157,d4e8,dbb2,e7ba,f8da,fb3a,
00000000000000000000000000000002,4d81,4d81,cdd0,ce47,cf34,d10a,d49d,db6b,e77f,f8b9,fb53,
00000000000000000000000000000002,4ce0,4ce0,cd81,cdf8,cee5,d0bd,d452,db24,e744,f898,fb6c,
00000000000000000000000000000002,4ce0,4ce0,cd30,cda8,ce96,d06e,d407,dadd,e709,f877,fb85,
00000000000000000000000000000002,4c3f,4c3f,cce0,cd58,ce47,d01f,d3bb,da96,e6ce,f856,fb9e,
00000000000000000000000000000002,4c3f,4c3f,cc8f,cd08,cdf7,cfd0,d36e,da4f,e693,f835,fbb7,
00000000000000000000000000000002,4b9d,4b9d,cc3f,ccb7,cda8,cf81,d321,da08,e656,f812,fbcf,
00000000000000000000000000000002,4b9d,4b9d,cbee,cc67,cd58,cf32,d2d4,d9c1,e619,f7ef,fbe6,
00000000000000000000000000000002,4afb,4afb,cb9d,cc16,cd07,cee3,d287,d97a,e5dc,f7cc,fbfd,
00000000000000000000000000000002,4afb,4afb,cb4c,cbc5,ccb7,ce94,d23a,d932,e59f,f7a9,fc14,
00000000000000000000000000000002,4a58,4a58,cafb,cb74,cc66,ce45,d1ed,d8e9,e562,f786,fc2b,
00000000000000000000000000000002,4a58,4a58,caa9,cb23,cc15,cdf6,d1a0,d8a0,e525,f763,fc42,
00000000000000000000000000000002,49b4,49b4,ca58,cad2,cbc4,cda7,d153,d857,e4e8,f73f,fc59,
00000000000000000000000000000002,49b4,49b4,ca06,ca80,cb73,cd57,d106,d80e,e4ab,f71a,fc70,
00000000000000000000000000000002,490f,490f,c9b4,ca2f,cb22,cd06,d0b9,d7c5,e46c,f6f5,fc85,
00000000000000000000000000000002,490f,490f,c961,c9dd,cad1,ccb5,d06a,d77c,e42d,f6d0,fc9a,
00000000000000000000000000000002,4869,4869,c90f,c98a,ca80,cc64,d01b,d733,e3ee,f6ab,fcaf,
00000000000000000000000000000002,4869,4869,c8bc,c938,ca2e,cc13,cfcc,d6ea,e3af,f686,fcc4,
00000000000000000000000000000002,47c3,47c3,c869,c8e5,c9dc,cbc2,cf7d,d6a1,e370,f661,fcd9,
00000000000000000000000000000002,47c3,47c3,c816,c892,c98a,cb71,cf2e,d657,e331,f63c,fcee,
00000000000000000000000000000002,471c,471c,c7c3,c83f,c937,cb20,cedf,d60c,e2f2,f615,fd01,
00000000000000000000000000000002,471c,471c,c76f,c7ec,c8e4,cacf,ce90,d5c1,e2b3,f5ee,fd14,
00000000000000000000000000000002,4675,4675,c71c,c799,c891,ca7e,ce41,d576,e273,f5c7,fd27,
00000000000000000000000000000002,4675,4675,c6c8,c745,c83e,ca2d,cdf2,d52b,e232,f5a0,fd3a,
00000000000000000000000000000002,45cd,45cd,c675,c6f2,c7eb,c9db,cda3,d4e0,e1f1,f579,fd4d,
00000000000000000000000000000002,45cd,45cd,c621,c69e,c798,c988,cd53,d495,e1b0,f552,fd60,
00000000000000000000000000000002,4524,4524,c5cd,c64b,c745,c935,cd02,d44a,e16f,f52b,fd73,
00000000000000000000000000000002,4524,4524,c578,c5f7,c6f1,c8e2,ccb1,d3ff,e12e,f502,fd84,
00000000000000000000000000000002,447a,447a,c524,c5a2,c69e,c88f,cc60,d3b3,e0ed,f4d9,fd95,
00000000000000000000000000000002,447a,447a,c4cf,c54e,c64a,c83c,cc0f,d366,e0ac,f4b0,fda6,
00000000000000000000000000000002,43d0,43d0,c47a,c4f9,c5f6,c7e9,cbbe,d319,e06b,f487,fdb7,
00000000000000000000000000000002,43d0,43d0,c425,c4a4,c5a2,c796,cb6d,d2cc,e028,f45e,fdc8,
00000000000000000000000000000002,4325,4325,c3d0,c44f,c54d,c743,cb1c,d27f,dfe5,f435,fdd9,
00000000000000000000000000000002,4325,4325,c37a,c3fa,c4f8,c6f0,cacb,d232,dfa2,f40c,fde8,
00000000000000000000000000000002,427a,427a,c325,c3a5,c4a3,c69d,ca7a,d1e5,df5f,f3e1,fdf7,
00000000000000000000000000000002,427a,427a,c2cf,c34f,c44e,c649,ca29,d198,df1c,f3b6,fe06,
00000000000000000000000000000002,41ce,41ce,c27a,c2fa,c3f9,c5f5,c9d7,d14b,ded9,f38b,fe15,
00000000000000000000000000000002,41ce,41ce,c224,c2a4,c3a4,c5a0,c984,d0fe,de96,f360,fe24,
00000000000000000000000000000002,4121,4121,c1ce,c24f,c34f,c54b,c931,d0b1,de53,f335,fe33,
00000000000000000000000000000002,4121,4121,c177,c1f9,c2f9,c4f6,c8de,d062,de10,f30a,fe42,
00000000000000000000000000000002,4073,4073,c121,c1a2,c2a4,c4a1,c88b,d013,ddcb,f2df,fe4f,
00000000000000000000000000000002,4073,4073,c0ca,c14c,c24e,c44c,c838,cfc4,dd86,f2b2,fe5c,
00000000000000000000000000000002,3fc5,3fc5,c073,c0f5,c1f8,c3f7,c7e5,cf75,dd41,f285,fe69,
00000000000000000000000000000002,3fc5,3fc5,c01c,c09e,c1a2,c3a2,c792,cf26,dcfc,f258,fe76,
00000000000000000000000000000002,3f17,3f17,3fc5,c047,c14b,c34d,c73f,ced7,dcb7,f22b,fe83,
00000000000000000000000000000002,3f17,3f17,3f6e,fff0,c0f4,c2f8,c6ec,ce88,dc72,f1fe,fe90,
00000000000000000000000000000002,3e68,3e68,3f17,3f99,c09d,c2a3,c699,ce39,dc2d,f1d1,fe9c,
00000000000000000000000000000002,3e68,3e68,3ebf,3f42,d046,c24d,c646,cdea,dbe8,f1a4,fea7,
00000000000000000000000000000002,3db8,3db8,3e68,3eeb,ffef,c1f7,c5f1,cd9b,dba2,f176,feb2,
00000000000000000000000000000002,3db8,3db8,3e10,3e93,2f98,c1a0,c59c,cd4b,db5b,f147,febd,
00000000000000000000000000000002,3d07,3d07,3db8,3e3c,3f41,c149,c547,ccfa,db14,f118,fec8,
